RUN_TIME,TIME_INTERVAL,RESOURCE_NAME,REGION_NAME,RESOURCE_TYPE,FUEL_TYPE,ZONE_ID,PARTICIPANT_ID,MW,LMP,LOSS_FACTOR,LMP_SMP,LMP_LOSS,LMP_CONGESTION
2020-10-05 00:55,2020-10-05 01:00,00ACCT_01,CLUZ,G,,,,0,0,1.01062560081482,0,0,0
2020-10-05 00:55,2020-10-05 01:00,00BATT_01,CLUZ,G,,,,0,0,1.01062560081482,0,0,0
2020-10-05 00:55,2020-10-05 01:00,00BATT_02,CLUZ,G,,,,0,0,1.01062560081482,0,0,0
2020-10-05 00:55,2020-10-05 01:00,00COAL_01,CLUZ,G,,,,0,0,1.01062560081482,0,0,0
2020-10-05 00:55,2020-10-05 01:00,00COAL_02,CLUZ,G,,,,0,0,1.01062560081482,0,0,0
2020-10-05 00:55,2020-10-05 01:00,00DCCT_GT,CLUZ,G,,,,0,0,1.01062560081482,0,0,0
2020-10-05 00:55,2020-10-05 01:00,00DCCT_ST,CLUZ,G,,,,0,0,1.01062560081482,0,0,0
2020-10-05 00:55,2020-10-05 01:00,00DIESEL_01,CLUZ,G,,,,0,0,1.01062560081482,0,0,0
2020-10-05 00:55,2020-10-05 01:00,00DIESEL_02,CLUZ,G,,,,0,0,1.01062560081482,0,0,0
2020-10-05 00:55,2020-10-05 01:00,00HYDRO_01,CLUZ,G,,,,0,0,1.01062560081482,0,0,0
2020-10-05 00:55,2020-10-05 01:00,00HYDRO_02,CLUZ,G,,,,0,0,1.01062560081482,0,0,0
2020-10-05 00:55,2020-10-05 01:00,00LOAD_01,CLUZ,NL,,,,0,0,1.01062560081482,0,0,0
2020-10-05 00:55,2020-10-05 01:00,00PUMP_01,CLUZ,PS,,,,0,0,1.01062560081482,0,0,0
2020-10-05 00:55,2020-10-05 01:00,00PUMP_02,CLUZ,PS,,,,0,0,1.01062560081482,0,0,0
2020-10-05 00:55,2020-10-05 01:00,00ROR_01,CLUZ,G,,,,0,0,1.01062560081482,0,0,0
2020-10-05 00:55,2020-10-05 01:00,00ROR_02,CLUZ,G,,,,0,0,1.01062560081482,0,0,0
2020-10-05 00:55,2020-10-05 01:00,00SOLAR_01,CLUZ,G,,,,0,0,1.01062560081482,0,0,0
2020-10-05 00:55,2020-10-05 01:00,00WIND_01,CLUZ,G,,,,5,0,1.01062560081482,0,0,0
2020-10-05 00:55,2020-10-05 01:00,01ACNPC_G01,CLUZ,G,BIOMASS,NLUZON,ACNPC,0,0,0.98737496137619,0,0,0
2020-10-05 00:55,2020-10-05 01:00,01AEC_L01,CLUZ,NL,NONE,NLUZON,.WESM,-42.3644,0,0.98831832408905,0,0,0
2020-10-05 00:55,2020-10-05 01:00,01AMBUK_SS,CLUZ,NL,NONE,NLUZON,.WESM,0,0,0.992817938327789,0,0,0
2020-10-05 00:55,2020-10-05 01:00,01AMBUK_T1L1,CLUZ,NL,NONE,NLUZON,.WESM,0,0,0.992817938327789,0,0,0
2020-10-05 00:55,2020-10-05 01:00,01AMBUK_U01,CLUZ,G,HYDRO,NLUZON,AMBUKLAO HEP,11,0,0.992883324623108,0,0,0
2020-10-05 00:55,2020-10-05 01:00,01AMBUK_U02,CLUZ,G,HYDRO,NLUZON,AMBUKLAO HEP,2.29166666666667,0,0.992832899093628,0,0,0
2020-10-05 00:55,2020-10-05 01:00,01AMBUK_U03,CLUZ,G,HYDRO,NLUZON,AMBUKLAO HEP,2.29166666666667,0,0.992832481861115,0,0,0
2020-10-05 00:55,2020-10-05 01:00,01AMPHAW_G01,CLUZ,G,,,,7.3,0,0.993646085262299,0,0,0
2020-10-05 00:55,2020-10-05 01:00,01ANDA_G01,CLUZ,G,COAL,NLUZON,ANDA POWER,26,0,0.98831832408905,0,0,0
2020-10-05 00:55,2020-10-05 01:00,01ANGAT_A,CLUZ,G,HYDRO,NLUZON,ANGAT HEP,10,0,0.996054828166962,0,0,0
2020-10-05 00:55,2020-10-05 01:00,01ANGAT_M,CLUZ,G,HYDRO,NLUZON,ANGAT HEP,0,0,0.995941340923309,0,0,0
2020-10-05 00:55,2020-10-05 01:00,01ANGAT_SS,CLUZ,NL,NONE,NLUZON,.WESM,0,0,0.995941340923309,0,0,0
2020-10-05 00:55,2020-10-05 01:00,01ANGAT_T5L1,CLUZ,NL,NONE,NLUZON,.WESM,0,0,1,0,0,0
2020-10-05 00:55,2020-10-05 01:00,01APEC_G01,CLUZ,G,COAL,NLUZON,APEC,1.31,0,0.98831832408905,0,0,0
2020-10-05 00:55,2020-10-05 01:00,01ARMSOL_G01,CLUZ,G,SOLAR,NLUZON,NV VOGT,0,0,0.98737496137619,0,0,0
2020-10-05 00:55,2020-10-05 01:00,01BAKSIP_G01,CLUZ,G,,,,10.8,0,0.993646085262299,0,0,0
2020-10-05 00:55,2020-10-05 01:00,01BAKUN_G01,CLUZ,G,HYDRO,NLUZON,BAKUN HEP,51,0,0.997887253761292,0,0,0
2020-10-05 00:55,2020-10-05 01:00,01BAKUN_SS,CLUZ,NL,NONE,NLUZON,.WESM,0,0,0.997928619384766,0,0,0
2020-10-05 00:55,2020-10-05 01:00,01BALNEO_L01,CLUZ,NL,NONE,NLUZON,.WESM,-25.1199,0,1.00927877426147,0,0,0
2020-10-05 00:55,2020-10-05 01:00,01BALNEO_SS,CLUZ,NL,NONE,NLUZON,.WESM,0,0,1.01062560081482,0,0,0
2020-10-05 00:55,2020-10-05 01:00,01BANTAY_SS,CLUZ,NL,NONE,NLUZON,.WESM,0,0,0.979077816009521,0,0,0
2020-10-05 00:55,2020-10-05 01:00,01BATAAN_SS,CLUZ,NL,NONE,NLUZON,.WESM,0,0,1.02888798713684,0,0,0
2020-10-05 00:55,2020-10-05 01:00,01BAUANG_G01,CLUZ,G,OIL-BASED,NLUZON,BAUANG DPP,0,0,0.997988820075989,0,0,0
2020-10-05 00:55,2020-10-05 01:00,01BAUANG_SS,CLUZ,NL,NONE,NLUZON,.WESM,0,0,0.996248543262482,0,0,0
2020-10-05 00:55,2020-10-05 01:00,01BAUAN_T1L1,CLUZ,NL,NONE,NLUZON,.WESM,-23.038,0,0.996223211288452,0,0,0
2020-10-05 00:55,2020-10-05 01:00,01BAUAN_T1L2,CLUZ,NL,NONE,NLUZON,.WESM,0,0,0.996223211288452,0,0,0
2020-10-05 00:55,2020-10-05 01:00,01BAUAN_T1L3,CLUZ,NL,NONE,NLUZON,.WESM,-0.3785,0,0.996221780776978,0,0,0
2020-10-05 00:55,2020-10-05 01:00,01BAUAN_T2L1,CLUZ,NL,NONE,NLUZON,.WESM,-3.9468,0,0.996223211288452,0,0,0
2020-10-05 00:55,2020-10-05 01:00,01BAUAN_T2L2,CLUZ,NL,NONE,NLUZON,.WESM,-19.2833,0,0.996223211288452,0,0,0
2020-10-05 00:55,2020-10-05 01:00,01BCNOT_SS,CLUZ,NL,NONE,NLUZON,.WESM,0,0,0.993205666542053,0,0,0
2020-10-05 00:55,2020-10-05 01:00,01BCNOT_T1L1,CLUZ,NL,NONE,NLUZON,.WESM,-6.6857,0,0.993213832378387,0,0,0
2020-10-05 00:55,2020-10-05 01:00,01BCNOT_T1L2,CLUZ,NL,NONE,NLUZON,.WESM,-12.3367,0,0.993213832378387,0,0,0
2020-10-05 00:55,2020-10-05 01:00,01BINENG_G01,CLUZ,G,,,,3,0,0.993646085262299,0,0,0
2020-10-05 00:55,2020-10-05 01:00,01BINGA_SS,CLUZ,NL,NONE,NLUZON,.WESM,0,0,0.994646608829498,0,0,0
2020-10-05 00:55,2020-10-05 01:00,01BINGA_T1L1,CLUZ,NL,NONE,NLUZON,.WESM,-7.6591,0,0.994603335857391,0,0,0
2020-10-05 00:55,2020-10-05 01:00,01BINGA_U01,CLUZ,G,HYDRO,NLUZON,BINGA HEP,14.1666666666667,0,0.994706094264984,0,0,0
2020-10-05 00:55,2020-10-05 01:00,01BINGA_U02,CLUZ,G,HYDRO,NLUZON,BINGA HEP,17,0,0.994718074798584,0,0,0
2020-10-05 00:55,2020-10-05 01:00,01BINGA_U03,CLUZ,G,HYDRO,NLUZON,BINGA HEP,17,0,0.99471789598465,0,0,0
2020-10-05 00:55,2020-10-05 01:00,01BINGA_U04,CLUZ,G,HYDRO,NLUZON,BINGA HEP,16.5277777777778,0,0.994715631008148,0,0,0
2020-10-05 00:55,2020-10-05 01:00,01BNTAY_T1L1,CLUZ,NL,NONE,NLUZON,.WESM,-13.4971,0,0.979205548763275,0,0,0
2020-10-05 00:55,2020-10-05 01:00,01BNTAY_T1L2,CLUZ,NL,NONE,NLUZON,.WESM,-9.361,0,0.979205548763275,0,0,0
2020-10-05 00:55,2020-10-05 01:00,01BNTAY_T1L3,CLUZ,NL,NONE,NLUZON,.WESM,0,0,0.979205548763275,0,0,0
2020-10-05 00:55,2020-10-05 01:00,01BOSUNG_G01,CLUZ,G,SOLAR,NLUZON,BOSUNG,0,0,0.987497806549072,0,0,0
2020-10-05 00:55,2020-10-05 01:00,01BOTOLAN_SS,CLUZ,NL,NONE,NLUZON,.WESM,0,0,1.00525748729706,0,0,0
2020-10-05 00:55,2020-10-05 01:00,01BOTOL_T1L1,CLUZ,NL,NONE,NLUZON,.WESM,-13.9838,0,1.00325191020966,0,0,0
2020-10-05 00:55,2020-10-05 01:00,01BOTOL_T1L2,CLUZ,NL,NONE,NLUZON,.WESM,-14.9616,0,1.00325191020966,0,0,0
2020-10-05 00:55,2020-10-05 01:00,01BPC_T1L1,CLUZ,NL,NONE,NLUZON,.WESM,-2.8858,0,1.02884602546692,0,0,0
2020-10-05 00:55,2020-10-05 01:00,01BPC_T2L2,CLUZ,NL,NONE,NLUZON,.WESM,0,0,1.02884602546692,0,0,0
2020-10-05 00:55,2020-10-05 01:00,01BPPC_SS,CLUZ,NL,NONE,NLUZON,.WESM,0,0,0.997988820075989,0,0,0
2020-10-05 00:55,2020-10-05 01:00,01BT2020_G01,CLUZ,G,BIOMASS,NLUZON,BATAAN 2020,8.2,0,1.00765192508698,0,0,0
2020-10-05 00:55,2020-10-05 01:00,01BTNSOL_G01,CLUZ,G,SOLAR,NLUZON,SPARC-SOLAR,0,0,1.02741467952728,0,0,0
2020-10-05 00:55,2020-10-05 01:00,01BTPP_T3L1,CLUZ,NL,NONE,NLUZON,.WESM,0,0,1.02741467952728,0,0,0
2020-10-05 00:55,2020-10-05 01:00,01BTPP_T3L2,CLUZ,NL,NONE,NLUZON,.WESM,-26.8489,0,1.02741467952728,0,0,0
2020-10-05 00:55,2020-10-05 01:00,01BTPP_T3L3,CLUZ,NL,NONE,NLUZON,.WESM,0,0,1.02741467952728,0,0,0
2020-10-05 00:55,2020-10-05 01:00,01BTPP_T3L4,CLUZ,NL,NONE,NLUZON,.WESM,-0.0307,0,1.02741467952728,0,0,0
2020-10-05 00:55,2020-10-05 01:00,01BTPP_T3L5,CLUZ,NL,NONE,NLUZON,.WESM,0,0,1.02741467952728,0,0,0
2020-10-05 00:55,2020-10-05 01:00,01BTPP_T4L1,CLUZ,NL,NONE,NLUZON,.WESM,0,0,1,0,0,0
2020-10-05 00:55,2020-10-05 01:00,01BULSOL_G01,CLUZ,G,SOLAR,NLUZON,BULACAN SOLAR,0,0,0.987076282501221,0,0,0
2020-10-05 00:55,2020-10-05 01:00,01BURGOS_G01,CLUZ,G,WIND,NLUZON,EDC BURGOS WIND,7.3,0,0.991366624832153,0,0,0
2020-10-05 00:55,2020-10-05 01:00,01BURGOS_G02,CLUZ,G,SOLAR,NLUZON,EDC BURGOS SOLAR,0,0,0.987497806549072,0,0,0
2020-10-05 00:55,2020-10-05 01:00,01BURGOS_G03,CLUZ,G,SOLAR,NLUZON,EDC BURGOS SOLAR,0,0,0.987497806549072,0,0,0
2020-10-05 00:55,2020-10-05 01:00,01BURGOS_SS,CLUZ,NL,NONE,NLUZON,.WESM,0,0,0.991379082202911,0,0,0
2020-10-05 00:55,2020-10-05 01:00,01BYOMB_SS,CLUZ,NL,NONE,NLUZON,.WESM,0,0,0.980952501296997,0,0,0
2020-10-05 00:55,2020-10-05 01:00,01BYOMB_T1L1,CLUZ,NL,NONE,NLUZON,.WESM,-10.2116,0,0.980717420578003,0,0,0
2020-10-05 00:55,2020-10-05 01:00,01BYOMB_T1L2,CLUZ,NL,NONE,NLUZON,.WESM,-13.0134,0,0.980717420578003,0,0,0
2020-10-05 00:55,2020-10-05 01:00,01BYOMB_T1L3,CLUZ,NL,NONE,NLUZON,.WESM,-12.0517,0,0.980717420578003,0,0,0
2020-10-05 00:55,2020-10-05 01:00,01CABSOL_G01,CLUZ,G,SOLAR,NLUZON,FCRV,0,0,0.979250848293304,0,0,0
2020-10-05 00:55,2020-10-05 01:00,01CAGBIO_G01,CLUZ,G,,,,0,0,0.962864756584167,0,0,0
2020-10-05 00:55,2020-10-05 01:00,01CAPRIS_G01,CLUZ,G,WIND,NLUZON,PAGUDPUD WIND,20,0,1.0008772611618,0,0,0
2020-10-05 00:55,2020-10-05 01:00,01CASECN_G01,CLUZ,G,HYDRO,NLUZON,CE CASECNAN,69,0,1.00886011123657,0,0,0
2020-10-05 00:55,2020-10-05 01:00,01CASECN_SS,CLUZ,NL,NONE,NLUZON,.WESM,0,0,1.00886011123657,0,0,0
2020-10-05 00:55,2020-10-05 01:00,01CBNTU_SS,CLUZ,NL,NONE,NLUZON,.WESM,0,0,0.978677272796631,0,0,0
2020-10-05 00:55,2020-10-05 01:00,01CBNTU_T1L1,CLUZ,NL,NONE,NLUZON,.WESM,-48.3135,0,0.979250848293304,0,0,0
2020-10-05 00:55,2020-10-05 01:00,01CBNTU_T1L3,CLUZ,NL,NONE,NLUZON,.WESM,-36.6016,0,0.979250848293304,0,0,0
2020-10-05 00:55,2020-10-05 01:00,01CBNTU_T2L1,CLUZ,NL,NONE,NLUZON,.WESM,-36.0696,0,0.979250848293304,0,0,0
2020-10-05 00:55,2020-10-05 01:00,01CBNTU_T2L2,CLUZ,NL,NONE,NLUZON,.WESM,-22.5988,0,0.979250848293304,0,0,0
2020-10-05 00:55,2020-10-05 01:00,01CBN_CELCOR,CLUZ,NL,NONE,NLUZON,.WESM,-39.8162,0,0.979250848293304,0,0,0
2020-10-05 00:55,2020-10-05 01:00,01CIP2_G01,CLUZ,G,OIL-BASED,NLUZON,CIP 2,0,0,0.993213832378387,0,0,0
2020-10-05 00:55,2020-10-05 01:00,01CLARK_L01,CLUZ,NL,NONE,NLUZON,.WESM,0,0,0.985531568527222,0,0,0
2020-10-05 00:55,2020-10-05 01:00,01CLARK_L02,CLUZ,NL,NONE,NLUZON,.WESM,0,0,0.985531568527222,0,0,0
2020-10-05 00:55,2020-10-05 01:00,01CLARK_L03,CLUZ,NL,NONE,NLUZON,.WESM,-43.6461,0,0.985531568527222,0,0,0
2020-10-05 00:55,2020-10-05 01:00,01CLARK_L04,CLUZ,NL,,,,0,0,0.985648393630981,0,0,0
2020-10-05 00:55,2020-10-05 01:00,01CLARK_SS,CLUZ,NL,NONE,NLUZON,.WESM,0,0,0.985648393630981,0,0,0
2020-10-05 00:55,2020-10-05 01:00,01CLARK_T1L1,CLUZ,NL,NONE,NLUZON,.WESM,0,0,0.985570907592773,0,0,0
2020-10-05 00:55,2020-10-05 01:00,01CLARK_T1L2,CLUZ,NL,NONE,NLUZON,.WESM,0,0,0.985570907592773,0,0,0
2020-10-05 00:55,2020-10-05 01:00,01CLARK_T2L1,CLUZ,NL,,,,-15.0873,0,0.985570907592773,0,0,0
2020-10-05 00:55,2020-10-05 01:00,01CLASOL_G01,CLUZ,G,SOLAR,NLUZON,ENFINITY,0,0,0.985531568527222,0,0,0
2020-10-05 00:55,2020-10-05 01:00,01CLEANG_G01,CLUZ,G,,,,0,0,1.00765192508698,0,0,0
2020-10-05 00:55,2020-10-05 01:00,01CNCEP_CAT,CLUZ,NL,NONE,NLUZON,.WESM,-56.2474,0,0.987363457679749,0,0,0
2020-10-05 00:55,2020-10-05 01:00,01CNCEP_DAP2,CLUZ,NL,NONE,NLUZON,.WESM,-27.8566,0,0.987363457679749,0,0,0
2020-10-05 00:55,2020-10-05 01:00,01CNCEP_SS,CLUZ,NL,NONE,NLUZON,.WESM,0,0,0.98761785030365,0,0,0
2020-10-05 00:55,2020-10-05 01:00,01CNCEP_T1L3,CLUZ,NL,NONE,NLUZON,.WESM,-1.3051,0,0.98761785030365,0,0,0
2020-10-05 00:55,2020-10-05 01:00,01CNCEP_TEI,CLUZ,NL,NONE,NLUZON,.WESM,-52.6761,0,0.98737496137619,0,0,0
2020-10-05 00:55,2020-10-05 01:00,01CN_TRELC1,CLUZ,NL,NONE,NLUZON,.WESM,-1.3336,0,0.98737496137619,0,0,0
2020-10-05 00:55,2020-10-05 01:00,01CN_TRELC2,CLUZ,NL,NONE,NLUZON,.WESM,-23.9952,0,0.987363457679749,0,0,0
2020-10-05 00:55,2020-10-05 01:00,01CONSOL_G01,CLUZ,G,,,,0,0,0.987363457679749,0,0,0
2020-10-05 00:55,2020-10-05 01:00,01CRUZD_MECO,CLUZ,NL,NONE,NLUZON,.WESM,-23.301,0,0.987076282501221,0,0,0
2020-10-05 00:55,2020-10-05 01:00,01CRUZD_SS,CLUZ,NL,NONE,NLUZON,.WESM,0,0,0.987642049789429,0,0,0
2020-10-05 00:55,2020-10-05 01:00,01CRUZD_T2L1,CLUZ,NL,NONE,NLUZON,.WESM,-64.6511,0,0.987076282501221,0,0,0
2020-10-05 00:55,2020-10-05 01:00,01CURIM_SS,CLUZ,NL,NONE,NLUZON,.WESM,0,0,0.982271671295166,0,0,0
2020-10-05 00:55,2020-10-05 01:00,01CURIM_T1L1,CLUZ,NL,NONE,NLUZON,.WESM,-4.6096,0,0.982277810573578,0,0,0
2020-10-05 00:55,2020-10-05 01:00,01CURIM_T1L2,CLUZ,NL,NONE,NLUZON,.WESM,-4.644,0,0.982277810573578,0,0,0
2020-10-05 00:55,2020-10-05 01:00,01DALSOL_G01,CLUZ,G,SOLAR,NLUZON,NV VOGT,0,0,0.98737496137619,0,0,0
2020-10-05 00:55,2020-10-05 01:00,01DUHAT_SS,CLUZ,NL,NONE,NLUZON,.WESM,0,0,0.986640155315399,0,0,0
2020-10-05 00:55,2020-10-05 01:00,01DUHAT_T1L1,CLUZ,NL,NONE,NLUZON,.WESM,-276.0104,0,0.9856978058815,0,0,0
2020-10-05 00:55,2020-10-05 01:00,01EHVSJ_SS,CLUZ,NL,NONE,NLUZON,.WESM,0,0,0.998823463916779,0,0,0
2020-10-05 00:55,2020-10-05 01:00,01EHVSM_SS,CLUZ,NL,NONE,NLUZON,.WESM,0,0,1.00777280330658,0,0,0
2020-10-05 00:55,2020-10-05 01:00,01GAMU_SS,CLUZ,NL,NONE,NLUZON,.WESM,0,0,0.961622953414917,0,0,0
2020-10-05 00:55,2020-10-05 01:00,01GAMU_T1L1,CLUZ,NL,NONE,NLUZON,.WESM,-19.3768,0,0.962864756584167,0,0,0
2020-10-05 00:55,2020-10-05 01:00,01GAMU_T1L2,CLUZ,NL,NONE,NLUZON,.WESM,-5.0401,0,0.962864756584167,0,0,0
2020-10-05 00:55,2020-10-05 01:00,01GFII_G01,CLUZ,G,BIOMASS,NLUZON,GFII,0,0,0.962864756584167,0,0,0
2020-10-05 00:55,2020-10-05 01:00,01GIFT_G01,CLUZ,G,BIOMASS,NLUZON,GIFT,10.1,0,0.979250848293304,0,0,0
2020-10-05 00:55,2020-10-05 01:00,01GIFT_G02,CLUZ,G,,,,6,0,0.979250848293304,0,0,0
2020-10-05 00:55,2020-10-05 01:00,01GNPD_U01,CLUZ,G,,,,0,0,1.03432595729828,0,0,0
2020-10-05 00:55,2020-10-05 01:00,01GNPD_U02,CLUZ,G,,,,0,0,1.03432595729828,0,0,0
2020-10-05 00:55,2020-10-05 01:00,01GRGOLD_G01,CLUZ,G,,,,10.8,0,0.979250848293304,0,0,0
2020-10-05 00:55,2020-10-05 01:00,01HANJI_SS,CLUZ,NL,NONE,NLUZON,.WESM,0,0,1.00556516647339,0,0,0
2020-10-05 00:55,2020-10-05 01:00,01HANJI_T1L1,CLUZ,NL,NONE,NLUZON,.WESM,-1.4023,0,1.00554752349854,0,0,0
2020-10-05 00:55,2020-10-05 01:00,01HANJI_T2L1,CLUZ,NL,NONE,NLUZON,.WESM,0,0,1.00556516647339,0,0,0
2020-10-05 00:55,2020-10-05 01:00,01HERMO_SS,CLUZ,NL,NONE,NLUZON,.WESM,0,0,1.00817060470581,0,0,0
2020-10-05 00:55,2020-10-05 01:00,01HERMO_T1L1,CLUZ,NL,NONE,NLUZON,.WESM,-36.1047,0,1.00765192508698,0,0,0
2020-10-05 00:55,2020-10-05 01:00,01HERMO_T1L2,CLUZ,NL,NONE,NLUZON,.WESM,0,0,1.00765192508698,0,0,0
2020-10-05 00:55,2020-10-05 01:00,01HERMO_T1L3,CLUZ,NL,NONE,NLUZON,.WESM,-14.6327,0,1.00765192508698,0,0,0
2020-10-05 00:55,2020-10-05 01:00,01HERMO_T1L4,CLUZ,NL,NONE,NLUZON,.WESM,-43.3209,0,1.00765192508698,0,0,0
2020-10-05 00:55,2020-10-05 01:00,01IBEC_G01,CLUZ,G,BIOMASS,NLUZON,ISABELA BIOMASS,18,0,0.971669733524323,0,0,0
2020-10-05 00:55,2020-10-05 01:00,01IPOWER_G01,CLUZ,G,BIOMASS,NLUZON,IPOWER,9.3,0,0.979250848293304,0,0,0
2020-10-05 00:55,2020-10-05 01:00,01IPOWER_G02,CLUZ,G,BIOMASS,NLUZON,IPOWER,9.7,0,0.979250848293304,0,0,0
2020-10-05 00:55,2020-10-05 01:00,01KDAM_SS,CLUZ,NL,NONE,NLUZON,.WESM,0,0,1.01484537124634,0,0,0
2020-10-05 00:55,2020-10-05 01:00,01LAMAO_SS,CLUZ,NL,NONE,NLUZON,.WESM,0,0,1.03082287311554,0,0,0
2020-10-05 00:55,2020-10-05 01:00,01LAOAG_SS,CLUZ,NL,NONE,NLUZON,.WESM,0,0,0.987252414226532,0,0,0
2020-10-05 00:55,2020-10-05 01:00,01LAOAG_T1L1,CLUZ,NL,NONE,NLUZON,.WESM,0,0,0.987497806549072,0,0,0
2020-10-05 00:55,2020-10-05 01:00,01LAOAG_T1L2,CLUZ,NL,NONE,NLUZON,.WESM,-12.6553,0,0.987497806549072,0,0,0
2020-10-05 00:55,2020-10-05 01:00,01LAOAG_T2L2,CLUZ,NL,NONE,NLUZON,.WESM,-18.0469,0,0.987497806549072,0,0,0
2020-10-05 00:55,2020-10-05 01:00,01LASUER_U01,CLUZ,G,,,,0,0,0.962864756584167,0,0,0
2020-10-05 00:55,2020-10-05 01:00,01LATRI_SS,CLUZ,NL,NONE,NLUZON,.WESM,0,0,0.994112610816956,0,0,0
2020-10-05 00:55,2020-10-05 01:00,01LATRI_T1L1,CLUZ,NL,NONE,NLUZON,.WESM,-8.9708,0,0.993646085262299,0,0,0
2020-10-05 00:55,2020-10-05 01:00,01LATRI_T2L1,CLUZ,NL,NONE,NLUZON,.WESM,-5.3061,0,0.993646085262299,0,0,0
2020-10-05 00:55,2020-10-05 01:00,01LATRI_T2L2,CLUZ,NL,NONE,NLUZON,.WESM,-14.9937,0,0.993646085262299,0,0,0
2020-10-05 00:55,2020-10-05 01:00,01LATRI_T2L3,CLUZ,NL,NONE,NLUZON,.WESM,0,0,0.993646085262299,0,0,0
2020-10-05 00:55,2020-10-05 01:00,01LAT_BENECO,CLUZ,NL,NONE,NLUZON,.WESM,-34.7425,0,0.993646085262299,0,0,0
2020-10-05 00:55,2020-10-05 01:00,01LAT_PHILEX,CLUZ,NL,NONE,NLUZON,.WESM,-33.9957,0,0.993646085262299,0,0,0
2020-10-05 00:55,2020-10-05 01:00,01LBRDR_SS,CLUZ,NL,NONE,NLUZON,.WESM,0,0,1.01859629154205,0,0,0
2020-10-05 00:55,2020-10-05 01:00,01LBR_CNPELC,CLUZ,NL,NONE,NLUZON,.WESM,0,0,1,0,0,0
2020-10-05 00:55,2020-10-05 01:00,01LBR_DECORP,CLUZ,NL,NONE,NLUZON,.WESM,-13.9429,0,1.01826667785645,0,0,0
2020-10-05 00:55,2020-10-05 01:00,01LBR_PNELC1,CLUZ,NL,NONE,NLUZON,.WESM,-27.8383,0,1.01826667785645,0,0,0
2020-10-05 00:55,2020-10-05 01:00,01LIMAY_SS,CLUZ,NL,NONE,NLUZON,.WESM,0,0,1.02889752388,0,0,0
2020-10-05 00:55,2020-10-05 01:00,01LIMAY_U01,CLUZ,G,OIL-BASED,NLUZON,LIMAY CCGT,0,0,1.02889752388,0,0,0
2020-10-05 00:55,2020-10-05 01:00,01LIMAY_U02,CLUZ,G,OIL-BASED,NLUZON,LIMAY CCGT,0,0,1.02889752388,0,0,0
2020-10-05 00:55,2020-10-05 01:00,01LIMAY_U03,CLUZ,G,OIL-BASED,NLUZON,LIMAY CCGT,0,0,1.02889752388,0,0,0
2020-10-05 00:55,2020-10-05 01:00,01LIMAY_U04,CLUZ,G,OIL-BASED,NLUZON,LIMAY CCGT,0,0,1.02889752388,0,0,0
2020-10-05 00:55,2020-10-05 01:00,01LIMAY_U05,CLUZ,G,OIL-BASED,NLUZON,LIMAY CCGT,0,0,1.02889752388,0,0,0
2020-10-05 00:55,2020-10-05 01:00,01LIMAY_U06,CLUZ,G,OIL-BASED,NLUZON,LIMAY CCGT,0,0,1.02889752388,0,0,0
2020-10-05 00:55,2020-10-05 01:00,01LIMAY_U07,CLUZ,G,OIL-BASED,NLUZON,LIMAY CCGT,0,0,1.02889752388,0,0,0
2020-10-05 00:55,2020-10-05 01:00,01LIMAY_U08,CLUZ,G,OIL-BASED,NLUZON,LIMAY CCGT,0,0,1.02889752388,0,0,0
2020-10-05 00:55,2020-10-05 01:00,01MAEC_G01,CLUZ,G,SOLAR,NLUZON,MIRAE SOLAR,0,0,0.982277810573578,0,0,0
2020-10-05 00:55,2020-10-05 01:00,01MAEC_S01,CLUZ,NL,NONE,NLUZON,.WESM,0,0,0.982277810573578,0,0,0
2020-10-05 00:55,2020-10-05 01:00,01MAGAT_SS,CLUZ,NL,NONE,NLUZON,.WESM,0,0,0.972640097141266,0,0,0
2020-10-05 00:55,2020-10-05 01:00,01MAGAT_U01,CLUZ,G,HYDRO,NLUZON,MAGAT HEP,28.5,0,0.972607851028442,0,0,0
2020-10-05 00:55,2020-10-05 01:00,01MAGAT_U02,CLUZ,G,HYDRO,NLUZON,MAGAT HEP,0,0,0.972640097141266,0,0,0
2020-10-05 00:55,2020-10-05 01:00,01MAGAT_U03,CLUZ,G,HYDRO,NLUZON,MAGAT HEP,19,0,0.972618639469147,0,0,0
2020-10-05 00:55,2020-10-05 01:00,01MAGAT_U04,CLUZ,G,HYDRO,NLUZON,MAGAT HEP,0,0,0.972640097141266,0,0,0
2020-10-05 00:55,2020-10-05 01:00,01MALOL_SS,CLUZ,NL,NONE,NLUZON,.WESM,0,0,0.996071457862854,0,0,0
2020-10-05 00:55,2020-10-05 01:00,01MALOL_T1L1,CLUZ,NL,NONE,NLUZON,.WESM,-150.9408,0,0.994976878166199,0,0,0
2020-10-05 00:55,2020-10-05 01:00,01MARIS_U01,CLUZ,G,HYDRO,NLUZON,MAGAT HEP,2.4,0,0.971669733524323,0,0,0
2020-10-05 00:55,2020-10-05 01:00,01MARIS_U02,CLUZ,G,HYDRO,NLUZON,MAGAT HEP,2.4,0,0.971669733524323,0,0,0
2020-10-05 00:55,2020-10-05 01:00,01MARSOL_G01,CLUZ,G,SOLAR,NLUZON,NEXT GENERATION,0,0,1.03388857841492,0,0,0
2020-10-05 00:55,2020-10-05 01:00,01MARVEL_G01,CLUZ,G,COAL,NLUZON,GNPOWER,296,0,1.03458344936371,0,0,0
2020-10-05 00:55,2020-10-05 01:00,01MARVEL_G02,CLUZ,G,COAL,NLUZON,GNPOWER,296,0,1.03458344936371,0,0,0
2020-10-05 00:55,2020-10-05 01:00,01MARVEL_SS,CLUZ,NL,NONE,NLUZON,.WESM,0,0,1.03432595729828,0,0,0
2020-10-05 00:55,2020-10-05 01:00,01MASIWA_G01,CLUZ,G,HYDRO,NLUZON,MASIWAY HEP,12,0,0.97827273607254,0,0,0
2020-10-05 00:55,2020-10-05 01:00,01MASIWA_SS,CLUZ,NL,NONE,NLUZON,.WESM,0,0,0.97827273607254,0,0,0
2020-10-05 00:55,2020-10-05 01:00,01MEXICO_SS,CLUZ,NL,NONE,NLUZON,.WESM,0,0,0.988177478313446,0,0,0
2020-10-05 00:55,2020-10-05 01:00,01MEX_AEC,CLUZ,NL,NONE,NLUZON,.WESM,0,0,0.988177359104156,0,0,0
2020-10-05 00:55,2020-10-05 01:00,01MEX_CISP,CLUZ,NL,NONE,NLUZON,.WESM,-53.933,0,0.98831832408905,0,0,0
2020-10-05 00:55,2020-10-05 01:00,01MEX_CLARK1,CLUZ,NL,NONE,NLUZON,.WESM,-36.1536,0,0.98831832408905,0,0,0
2020-10-05 00:55,2020-10-05 01:00,01MEX_CLARK2,CLUZ,NL,NONE,NLUZON,.WESM,-38.772,0,0.98831832408905,0,0,0
2020-10-05 00:55,2020-10-05 01:00,01MEX_CND,CLUZ,NL,NONE,NLUZON,.WESM,-34.4568,0,0.98831832408905,0,0,0
2020-10-05 00:55,2020-10-05 01:00,01MEX_L01,CLUZ,NL,NONE,NLUZON,.WESM,-42.379,0,0.98831832408905,0,0,0
2020-10-05 00:55,2020-10-05 01:00,01MEX_MIC,CLUZ,NL,NONE,NLUZON,.WESM,0,0,0.988177359104156,0,0,0
2020-10-05 00:55,2020-10-05 01:00,01MEX_PELCO1,CLUZ,NL,NONE,NLUZON,.WESM,-33.9102,0,0.98831832408905,0,0,0
2020-10-05 00:55,2020-10-05 01:00,01MEX_PIMP,CLUZ,NL,NONE,NLUZON,.WESM,-41.5839,0,0.98831832408905,0,0,0
2020-10-05 00:55,2020-10-05 01:00,01MEX_SFLAPC,CLUZ,NL,NONE,NLUZON,.WESM,-31.0098,0,0.98831832408905,0,0,0
2020-10-05 00:55,2020-10-05 01:00,01MEX_SKK,CLUZ,NL,NONE,NLUZON,.WESM,-0.011,0,0.988177359104156,0,0,0
2020-10-05 00:55,2020-10-05 01:00,01MRVEL_T1L1,CLUZ,NL,NONE,NLUZON,.WESM,-25.8017,0,1.03388857841492,0,0,0
2020-10-05 00:55,2020-10-05 01:00,01MSINLO_BAT,CLUZ,G,BATTERY,NLUZON,MPPCL,4.899,0,1.04585385322571,0,0,0
2020-10-05 00:55,2020-10-05 01:00,01MSINLO_G01,CLUZ,G,COAL,NLUZON,MASINLOC CFTPP,0,0,1,0,0,0
2020-10-05 00:55,2020-10-05 01:00,01MSINLO_G02,CLUZ,G,COAL,NLUZON,MASINLOC CFTPP,324,0,1.0462452173233,0,0,0
2020-10-05 00:55,2020-10-05 01:00,01MSINLO_G03,CLUZ,G,,,,335,0,1.046302318573,0,0,0
2020-10-05 00:55,2020-10-05 01:00,01MSINLO_SS,CLUZ,NL,NONE,NLUZON,.WESM,-50.2537,0,1.04579901695251,0,0,0
2020-10-05 00:55,2020-10-05 01:00,01NIABAL_G01,CLUZ,G,HYDRO,NLUZON,NIA BALIGATAN,1.7,0,0.971669733524323,0,0,0
2020-10-05 00:55,2020-10-05 01:00,01NMHC_G01,CLUZ,G,HYDRO,NLUZON,NMHC,1.2,0,0.993646085262299,0,0,0
2020-10-05 00:55,2020-10-05 01:00,01NMHC_G03,CLUZ,G,HYDRO,NLUZON,HEDCOR,0.5,0,0.993646085262299,0,0,0
2020-10-05 00:55,2020-10-05 01:00,01NSNMN_L01,CLUZ,NL,NONE,NLUZON,.WESM,0,0,1,0,0,0
2020-10-05 00:55,2020-10-05 01:00,01NSNMN_L02,CLUZ,NL,NONE,NLUZON,.WESM,-51.3644,0,0.998807072639465,0,0,0
2020-10-05 00:55,2020-10-05 01:00,01NSNMN_SS,CLUZ,NL,NONE,NLUZON,.WESM,0,0,0.999327540397644,0,0,0
2020-10-05 00:55,2020-10-05 01:00,01NSNMN_T1L1,CLUZ,NL,NONE,NLUZON,.WESM,-22.2327,0,0.998867392539978,0,0,0
2020-10-05 00:55,2020-10-05 01:00,01NWIND_G01,CLUZ,G,WIND,NLUZON,NWIND,4,0,0.987497806549072,0,0,0
2020-10-05 00:55,2020-10-05 01:00,01NWIND_G02,CLUZ,G,WIND,NLUZON,NWIND,3,0,0.987497806549072,0,0,0
2020-10-05 00:55,2020-10-05 01:00,01NWIND_L01,CLUZ,NL,NONE,NLUZON,.WESM,0,0,0.987497806549072,0,0,0
2020-10-05 00:55,2020-10-05 01:00,01OLONG_SS,CLUZ,NL,NONE,NLUZON,.WESM,0,0,1.00563061237335,0,0,0
2020-10-05 00:55,2020-10-05 01:00,01OLONG_T1L1,CLUZ,NL,NONE,NLUZON,.WESM,-15.5411,0,1.00519037246704,0,0,0
2020-10-05 00:55,2020-10-05 01:00,01OLONG_T2L2,CLUZ,NL,NONE,NLUZON,.WESM,-26.4418,0,1.00542485713959,0,0,0
2020-10-05 00:55,2020-10-05 01:00,01OLONG_T3L3,CLUZ,NL,NONE,NLUZON,.WESM,0,0,1.00542485713959,0,0,0
2020-10-05 00:55,2020-10-05 01:00,01PAGUD_SS,CLUZ,NL,NONE,NLUZON,.WESM,0,0,1.00086939334869,0,0,0
2020-10-05 00:55,2020-10-05 01:00,01PETRON_G01,CLUZ,G,COAL,NLUZON,PETRON,20.15,0,1.02895987033844,0,0,0
2020-10-05 00:55,2020-10-05 01:00,01PETSOL_G01,CLUZ,G,SOLAR,NLUZON,PETRO SOLAR,0,0,0.987363457679749,0,0,0
2020-10-05 00:55,2020-10-05 01:00,01PETSOL_G02,CLUZ,G,,,,0,0,0.987363457679749,0,0,0
2020-10-05 00:55,2020-10-05 01:00,01PNTBNG_SS,CLUZ,NL,NONE,NLUZON,.WESM,0,0,0.99034309387207,0,0,0
2020-10-05 00:55,2020-10-05 01:00,01PNTBNG_U01,CLUZ,G,HYDRO,NLUZON,PANTABANGAN HEP UNIT 1,18,0,0.990240931510925,0,0,0
2020-10-05 00:55,2020-10-05 01:00,01PNTBNG_U02,CLUZ,G,HYDRO,NLUZON,PANTABANGAN HEP UNIT 2,17,0,0.990246593952179,0,0,0
2020-10-05 00:55,2020-10-05 01:00,01RASLAG_G01,CLUZ,G,SOLAR,NLUZON,RASLAG SOLAR,0,0,0.98831832408905,0,0,0
2020-10-05 00:55,2020-10-05 01:00,01RASLAG_G02,CLUZ,G,SOLAR,NLUZON,RASLAG SOLAR,0,0,0.98831832408905,0,0,0
2020-10-05 00:55,2020-10-05 01:00,01SABANG_G01,CLUZ,G,HYDRO,NLUZON,SABANGAN HEP,8,0,0.993646085262299,0,0,0
2020-10-05 00:55,2020-10-05 01:00,01SE_ABRECO,CLUZ,NL,NONE,NLUZON,.WESM,-9.1192,0,0.987984538078308,0,0,0
2020-10-05 00:55,2020-10-05 01:00,01SLANGN_G01,CLUZ,G,HYDRO,NLUZON,SLANGN_G01,1.1,0,0.993646085262299,0,0,0
2020-10-05 00:55,2020-10-05 01:00,01SMBELL_G01,CLUZ,G,HYDRO,NLUZON,SMITHBELL,0.5,0,0.980717420578003,0,0,0
2020-10-05 00:55,2020-10-05 01:00,01SMC_G01,CLUZ,G,COAL,NLUZON,SMC POWER,150,0,1.03115618228912,0,0,0
2020-10-05 00:55,2020-10-05 01:00,01SMC_G02,CLUZ,G,COAL,NLUZON,SMC POWER,150,0,1.03115618228912,0,0,0
2020-10-05 00:55,2020-10-05 01:00,01SMC_G03,CLUZ,G,COAL,NLUZON,SMC POWER,97.97,0,1.03103971481323,0,0,0
2020-10-05 00:55,2020-10-05 01:00,01SMC_G04,CLUZ,G,COAL,NLUZON,SMC POWER,0,0,1,0,0,0
2020-10-05 00:55,2020-10-05 01:00,01SMC_SS,CLUZ,NL,NONE,NLUZON,.WESM,0,0,1.03115618228912,0,0,0
2020-10-05 00:55,2020-10-05 01:00,01SMC_SS2,CLUZ,NL,NONE,NLUZON,.WESM,0,0,1.03115618228912,0,0,0
2020-10-05 00:55,2020-10-05 01:00,01SMC_SS3,CLUZ,NL,NONE,NLUZON,.WESM,0,0,1.03103971481323,0,0,0
2020-10-05 00:55,2020-10-05 01:00,01SMC_SS4,CLUZ,NL,NONE,NLUZON,.WESM,0,0,1,0,0,0
2020-10-05 00:55,2020-10-05 01:00,01SNEST_SS,CLUZ,NL,NONE,NLUZON,.WESM,0,0,0.989095985889435,0,0,0
2020-10-05 00:55,2020-10-05 01:00,01SNEST_T3L1,CLUZ,NL,NONE,NLUZON,.WESM,-14.4639,0,0.987984538078308,0,0,0
2020-10-05 00:55,2020-10-05 01:00,01SNEST_T3L2,CLUZ,NL,NONE,NLUZON,.WESM,-6.5476,0,0.987984538078308,0,0,0
2020-10-05 00:55,2020-10-05 01:00,01SNJOSE_L01,CLUZ,NL,,,,0,0,0.996685266494751,0,0,0
2020-10-05 00:55,2020-10-05 01:00,01SNJOSE_SS,CLUZ,NL,NONE,NLUZON,.WESM,0,0,0.996772766113281,0,0,0
2020-10-05 00:55,2020-10-05 01:00,01SNJOS_CAM,CLUZ,NL,,,,0,0,0.996685266494751,0,0,0
2020-10-05 00:55,2020-10-05 01:00,01SNJOS_T1L1,CLUZ,NL,NONE,NLUZON,.WESM,-18.2507,0,0.995568513870239,0,0,0
2020-10-05 00:55,2020-10-05 01:00,01SNJOS_T1L2,CLUZ,NL,NONE,NLUZON,.WESM,-42.6179,0,0.991542637348175,0,0,0
2020-10-05 00:55,2020-10-05 01:00,01SNJOS_T1L3,CLUZ,NL,NONE,NLUZON,.WESM,0,0,0.994543254375458,0,0,0
2020-10-05 00:55,2020-10-05 01:00,01SNMAN_SS,CLUZ,NL,NONE,NLUZON,.WESM,0,0,0.998711228370667,0,0,0
2020-10-05 00:55,2020-10-05 01:00,01SNMAN_T1L2,CLUZ,NL,NONE,NLUZON,.WESM,0,0,1,0,0,0
2020-10-05 00:55,2020-10-05 01:00,01SNM_PNELC3,CLUZ,NL,NONE,NLUZON,.WESM,-51.0794,0,0.99528580904007,0,0,0
2020-10-05 00:55,2020-10-05 01:00,01SNTGO_SS,CLUZ,NL,NONE,NLUZON,.WESM,0,0,0.971627473831177,0,0,0
2020-10-05 00:55,2020-10-05 01:00,01SNTGO_T1L1,CLUZ,NL,NONE,NLUZON,.WESM,-7.3595,0,0.971669733524323,0,0,0
2020-10-05 00:55,2020-10-05 01:00,01SNTGO_T1L2,CLUZ,NL,NONE,NLUZON,.WESM,-17.919,0,0.971669733524323,0,0,0
2020-10-05 00:55,2020-10-05 01:00,01SNTGO_T1L3,CLUZ,NL,NONE,NLUZON,.WESM,-16.2097,0,0.971669733524323,0,0,0
2020-10-05 00:55,2020-10-05 01:00,01SNTGO_T2L1,CLUZ,NL,NONE,NLUZON,.WESM,-0.0139,0,0.971669733524323,0,0,0
2020-10-05 00:55,2020-10-05 01:00,01SNTGO_T2L2,CLUZ,NL,NONE,NLUZON,.WESM,-19.1474,0,0.971669733524323,0,0,0
2020-10-05 00:55,2020-10-05 01:00,01SPABUL_G01,CLUZ,G,SOLAR,NLUZON,SPARC-SOLAR,0,0,0.987076282501221,0,0,0
2020-10-05 00:55,2020-10-05 01:00,01SROQUE_SS,CLUZ,NL,NONE,NLUZON,.WESM,0,0,0.999327480792999,0,0,0
2020-10-05 00:55,2020-10-05 01:00,01SROQUE_U01,CLUZ,G,HYDRO,NLUZON,SAN ROQUE POWER UNIT 1,0,0,0.999327480792999,0,0,0
2020-10-05 00:55,2020-10-05 01:00,01SROQUE_U02,CLUZ,G,HYDRO,NLUZON,SAN ROQUE POWER UNIT 2,0,0,0.999327480792999,0,0,0
2020-10-05 00:55,2020-10-05 01:00,01SROQUE_U03,CLUZ,G,HYDRO,NLUZON,SAN ROQUE POWER UNIT 3,0,0,0.999327480792999,0,0,0
2020-10-05 00:55,2020-10-05 01:00,01SUAL_G01,CLUZ,G,COAL,NLUZON,SUAL CFTPP,540.824633,0,1.02832925319672,0,0,0
2020-10-05 00:55,2020-10-05 01:00,01SUAL_G02,CLUZ,G,COAL,NLUZON,SUAL CFTPP,0,0,1,0,0,0
2020-10-05 00:55,2020-10-05 01:00,01SUAL_T3L1,CLUZ,NL,NONE,NLUZON,.WESM,-53.6941,0,1.02439749240875,0,0,0
2020-10-05 00:55,2020-10-05 01:00,01SUBIC_T3L1,CLUZ,NL,NONE,NLUZON,.WESM,-6.7025,0,1.00582921504974,0,0,0
2020-10-05 00:55,2020-10-05 01:00,01SUBIC_T3L2,CLUZ,NL,NONE,NLUZON,.WESM,-10.4638,0,1.00582921504974,0,0,0
2020-10-05 00:55,2020-10-05 01:00,01SUBSOL_G01,CLUZ,G,SOLAR,NLUZON,JOBIN-SQM,0,0,1.00599753856659,0,0,0
2020-10-05 00:55,2020-10-05 01:00,01S_ENRO_G01,CLUZ,G,OIL-BASED,NLUZON,SUBIC POWER CORP,0,0,1.00599753856659,0,0,0
2020-10-05 00:55,2020-10-05 01:00,01S_ENRO_SS,CLUZ,NL,NONE,NLUZON,.WESM,0,0,1.00599753856659,0,0,0
2020-10-05 00:55,2020-10-05 01:00,01TGEGA_SS,CLUZ,NL,NONE,NLUZON,.WESM,0,0,0.954341530799866,0,0,0
2020-10-05 00:55,2020-10-05 01:00,01TGEGA_T1L1,CLUZ,NL,NONE,NLUZON,.WESM,-37.9637,0,0.955003559589386,0,0,0
2020-10-05 00:55,2020-10-05 01:00,01TG_CGELCO1,CLUZ,NL,NONE,NLUZON,.WESM,-6.2458,0,0.955003559589386,0,0,0
2020-10-05 00:55,2020-10-05 01:00,01TG_CGELCO2,CLUZ,NL,NONE,NLUZON,.WESM,-34.3691,0,0.955003559589386,0,0,0
2020-10-05 00:55,2020-10-05 01:00,01TG_ISELCO2,CLUZ,NL,NONE,NLUZON,.WESM,-11.8814,0,0.955003559589386,0,0,0
2020-10-05 00:55,2020-10-05 01:00,01T_ASIA_G01,CLUZ,G,OIL-BASED,NLUZON,TRANS-ASIA,0,0,0.99220883846283,0,0,0
2020-10-05 00:55,2020-10-05 01:00,01T_ASI_T3L1,CLUZ,NL,NONE,NLUZON,.WESM,-35.531,0,0.99220883846283,0,0,0
2020-10-05 00:55,2020-10-05 01:00,01UPPC_G01,CLUZ,G,COAL,NLUZON,UPPC,3,0,0.98831832408905,0,0,0
2020-10-05 00:55,2020-10-05 01:00,01VSGRIP_G01,CLUZ,G,,,,5.4,0,0.979250848293304,0,0,0
2020-10-05 00:55,2020-10-05 01:00,01YHGRN_G01,CLUZ,G,SOLAR,NLUZON,YH GREEN,0,0,1.00765192508698,0,0,0
2020-10-05 00:55,2020-10-05 01:00,01ZAMSOL_G01,CLUZ,G,SOLAR,NLUZON,SPARC-SOLAR,0,0,1.00325191020966,0,0,0
2020-10-05 00:55,2020-10-05 01:00,02ARANE_T1L1,CLUZ,NL,NONE,MMANILA,.WESM,-338.7338,0,0.986154735088348,0,0,0
2020-10-05 00:55,2020-10-05 01:00,02BALNT_T1L1,CLUZ,NL,NONE,MMANILA,.WESM,-563.9227,0,0.989007353782654,0,0,0
2020-10-05 00:55,2020-10-05 01:00,02DOLOR_T1L1,CLUZ,NL,NONE,MMANILA,.WESM,-576.475,0,0.988144040107727,0,0,0
2020-10-05 00:55,2020-10-05 01:00,02DURACO_L01,CLUZ,NL,NONE,MMANILA,.WESM,0,0,0.989175260066986,0,0,0
2020-10-05 00:55,2020-10-05 01:00,02ECOPRK_G01,CLUZ,G,,,,0,0,0.989007353782654,0,0,0
2020-10-05 00:55,2020-10-05 01:00,02MILLEN_G01,CLUZ,G,,,,0,0,0.989007353782654,0,0,0
2020-10-05 00:55,2020-10-05 01:00,02MMPP_G01,CLUZ,G,BIOMASS,MMANILA,MONTALBAN METHANE,1.4,0,0.989007353782654,0,0,0
2020-10-05 00:55,2020-10-05 01:00,02PACO_T1L1,CLUZ,NL,NONE,MMANILA,.WESM,-345.7008,0,0.976765871047974,0,0,0
2020-10-05 00:55,2020-10-05 01:00,02PNGEA_G01,CLUZ,G,BIOMASS,MMANILA,PANGEA,0.4,0,0.989007353782654,0,0,0
2020-10-05 00:55,2020-10-05 01:00,02SMNRTH_G01,CLUZ,G,SOLAR,MMANILA,SM NORTH,0,0,0.989007353782654,0,0,0
2020-10-05 00:55,2020-10-05 01:00,02SUCAT_T1L1,CLUZ,NL,NONE,MMANILA,.WESM,-449.0567,0,0.989511728286743,0,0,0
2020-10-05 00:55,2020-10-05 01:00,02TMOBIL_G01,CLUZ,G,,,,0,0,0.989007353782654,0,0,0
2020-10-05 00:55,2020-10-05 01:00,02TMOBIL_G02,CLUZ,G,,,,0,0,0.989007353782654,0,0,0
2020-10-05 00:55,2020-10-05 01:00,02TMOBIL_G03,CLUZ,G,,,,0,0,0.989007353782654,0,0,0
2020-10-05 00:55,2020-10-05 01:00,02TMOBIL_G04,CLUZ,G,,,,0,0,0.989007353782654,0,0,0
2020-10-05 00:55,2020-10-05 01:00,02VALSOL_G01,CLUZ,G,SOLAR,MMANILA,VALENZUELA SOLAR,0,0,0.989007353782654,0,0,0
2020-10-05 00:55,2020-10-05 01:00,02ZAPOT_T1L1,CLUZ,NL,NONE,MMANILA,.WESM,-560.768,0,0.992609620094299,0,0,0
2020-10-05 00:55,2020-10-05 01:00,03ADISOL_G01,CLUZ,G,SOLAR,SLUZON,ADISOL,0,0,1.01621377468109,0,0,0
2020-10-05 00:55,2020-10-05 01:00,03AMADEO_T1L1,CLUZ,NL,NONE,SLUZON,.WESM,-85.9564,0,1.00311100482941,0,0,0
2020-10-05 00:55,2020-10-05 01:00,03AVION_SS,CLUZ,NL,NONE,SLUZON,.WESM,0,0,1.01484131813049,0,0,0
2020-10-05 00:55,2020-10-05 01:00,03AVION_U01,CLUZ,G,NATURAL GAS,SLUZON,AVION,0,0,1.01484131813049,0,0,0
2020-10-05 00:55,2020-10-05 01:00,03AVION_U02,CLUZ,G,NATURAL GAS,SLUZON,AVION,0,0,1.01484131813049,0,0,0
2020-10-05 00:55,2020-10-05 01:00,03AWOC_G01,CLUZ,G,WIND,SLUZON,AWOC,1,0,0.988144040107727,0,0,0
2020-10-05 00:55,2020-10-05 01:00,03BACMAN_SS,CLUZ,NL,NONE,SLUZON,.WESM,-7.9068,0,1.0459623336792,0,0,0
2020-10-05 00:55,2020-10-05 01:00,03BACMAN_U01,CLUZ,G,,,,60,0,1.05395603179932,0,0,0
2020-10-05 00:55,2020-10-05 01:00,03BACMAN_U02,CLUZ,G,,,,60,0,1.0491498708725,0,0,0
2020-10-05 00:55,2020-10-05 01:00,03BACMAN_U03,CLUZ,G,,,,12.5,0,1.04690527915955,0,0,0
2020-10-05 00:55,2020-10-05 01:00,03BALUG_G01,CLUZ,G,,,,0,0,0.990696847438812,0,0,0
2020-10-05 00:55,2020-10-05 01:00,03BART_G01,CLUZ,G,HYDRO,SLUZON,BARIT,0,0,1.02459275722504,0,0,0
2020-10-05 00:55,2020-10-05 01:00,03BATAN_SS,CLUZ,NL,NONE,SLUZON,.WESM,0,0,1.01124358177185,0,0,0
2020-10-05 00:55,2020-10-05 01:00,03BATAN_T1L2,CLUZ,NL,NONE,SLUZON,.WESM,-7.8403,0,1.01017045974731,0,0,0
2020-10-05 00:55,2020-10-05 01:00,03BAT_BTLEC2,CLUZ,NL,NONE,SLUZON,.WESM,-0.0343,0,1.01069343090057,0,0,0
2020-10-05 00:55,2020-10-05 01:00,03BAT_LIP01,CLUZ,NL,NONE,SLUZON,.WESM,0,0,1.01069343090057,0,0,0
2020-10-05 00:55,2020-10-05 01:00,03BAT_LIP02,CLUZ,NL,NONE,SLUZON,.WESM,-40.9299,0,1.01069343090057,0,0,0
2020-10-05 00:55,2020-10-05 01:00,03BAT_MECO,CLUZ,NL,NONE,SLUZON,.WESM,-6.943,0,1.01069343090057,0,0,0
2020-10-05 00:55,2020-10-05 01:00,03BAT_MECO1,CLUZ,NL,NONE,SLUZON,.WESM,-15.9145,0,1.01069343090057,0,0,0
2020-10-05 00:55,2020-10-05 01:00,03BAT_MECO2,CLUZ,NL,NONE,SLUZON,.WESM,-15.7866,0,1.01069343090057,0,0,0
2020-10-05 00:55,2020-10-05 01:00,03BAT_ROS01,CLUZ,NL,NONE,SLUZON,.WESM,-39.7358,0,1.01069343090057,0,0,0
2020-10-05 00:55,2020-10-05 01:00,03BAT_T1L1,CLUZ,NL,NONE,SLUZON,.WESM,-29.2677,0,1.01017045974731,0,0,0
2020-10-05 00:55,2020-10-05 01:00,03BAT_T2L1,CLUZ,NL,NONE,SLUZON,.WESM,-21.8629,0,1.01017045974731,0,0,0
2020-10-05 00:55,2020-10-05 01:00,03BBEC_G01,CLUZ,G,BIOMASS,SLUZON,BBEC,4,0,1.02459275722504,0,0,0
2020-10-05 00:55,2020-10-05 01:00,03BINAN_SS,CLUZ,NL,NONE,SLUZON,.WESM,0,0,0.994787454605103,0,0,0
2020-10-05 00:55,2020-10-05 01:00,03BINAN_T1L1,CLUZ,NL,NONE,SLUZON,.WESM,-433.9248,0,0.994344055652618,0,0,0
2020-10-05 00:55,2020-10-05 01:00,03BOTOCA_G01,CLUZ,G,HYDRO,SLUZON,BOTOCAN HEP,0,0,0.990696847438812,0,0,0
2020-10-05 00:55,2020-10-05 01:00,03BOTOCA_L01,CLUZ,NL,NONE,SLUZON,.WESM,0,0,0.990696847438812,0,0,0
2020-10-05 00:55,2020-10-05 01:00,03BOTOCA_SS,CLUZ,NL,NONE,SLUZON,.WESM,0,0,0.990696847438812,0,0,0
2020-10-05 00:55,2020-10-05 01:00,03CADPI_G01,CLUZ,G,BIOMASS,SLUZON,CADPI,0,0,1.01621377468109,0,0,0
2020-10-05 00:55,2020-10-05 01:00,03CALACA_G01,CLUZ,G,COAL,SLUZON,BATANGAS CFTPP,240,0,1.01949918270111,0,0,0
2020-10-05 00:55,2020-10-05 01:00,03CALACA_G02,CLUZ,G,COAL,SLUZON,BATANGAS CFTPP,300,0,1.01735746860504,0,0,0
2020-10-05 00:55,2020-10-05 01:00,03CALAU_SS,CLUZ,NL,NONE,SLUZON,.WESM,0,0,0.984817087650299,0,0,0
2020-10-05 00:55,2020-10-05 01:00,03CALAU_T1L1,CLUZ,NL,NONE,SLUZON,.WESM,-139.6264,0,0.984345257282257,0,0,0
2020-10-05 00:55,2020-10-05 01:00,03CALIRY_G01,CLUZ,G,HYDRO,SLUZON,CALIRAYA HEP,0,0,0.990696847438812,0,0,0
2020-10-05 00:55,2020-10-05 01:00,03CALIRY_SS,CLUZ,NL,NONE,SLUZON,.WESM,0,0,0.990696847438812,0,0,0
2020-10-05 00:55,2020-10-05 01:00,03CALIRY_SS1,CLUZ,NL,NONE,SLUZON,.WESM,0,0,0.990696847438812,0,0,0
2020-10-05 00:55,2020-10-05 01:00,03CALIR_TAL1,CLUZ,NL,NONE,SLUZON,.WESM,-8.9555,0,0.990364253520966,0,0,0
2020-10-05 00:55,2020-10-05 01:00,03CALI_FLECO,CLUZ,NL,NONE,SLUZON,.WESM,0,0,0.990364253520966,0,0,0
2020-10-05 00:55,2020-10-05 01:00,03CALSOL_G01,CLUZ,G,SOLAR,SLUZON,CALATAGAN SOLAR PHILIPPINES,0,0,1.01621377468109,0,0,0
2020-10-05 00:55,2020-10-05 01:00,03CLACA_SS,CLUZ,NL,NONE,SLUZON,.WESM,-39.5488,0,0.999564647674561,0,0,0
2020-10-05 00:55,2020-10-05 01:00,03CLA_BCNOT,CLUZ,NL,NONE,SLUZON,.WESM,-0.0533,0,1.02170920372009,0,0,0
2020-10-05 00:55,2020-10-05 01:00,03CLA_BTLEC1,CLUZ,NL,NONE,SLUZON,.WESM,-35.743,0,1.01621377468109,0,0,0
2020-10-05 00:55,2020-10-05 01:00,03CLA_STLCOR,CLUZ,NL,NONE,SLUZON,.WESM,0,0,1.01621377468109,0,0,0
2020-10-05 00:55,2020-10-05 01:00,03CLA_T1L1,CLUZ,NL,NONE,SLUZON,.WESM,-26.303,0,1.01621377468109,0,0,0
2020-10-05 00:55,2020-10-05 01:00,03CLBATO_G01,CLUZ,G,,,,0,0,0.984345257282257,0,0,0
2020-10-05 00:55,2020-10-05 01:00,03DARAG_SS,CLUZ,NL,NONE,SLUZON,.WESM,0,0,1.03477239608765,0,0,0
2020-10-05 00:55,2020-10-05 01:00,03DARAG_T1L1,CLUZ,NL,NONE,SLUZON,.WESM,-26.0976,0,1.03274643421173,0,0,0
2020-10-05 00:55,2020-10-05 01:00,03DAR_ALECO,CLUZ,NL,NONE,SLUZON,.WESM,-30.4698,0,1.03142631053925,0,0,0
2020-10-05 00:55,2020-10-05 01:00,03DAR_SRECO2,CLUZ,NL,NONE,SLUZON,.WESM,-32.179,0,1.03235375881195,0,0,0
2020-10-05 00:55,2020-10-05 01:00,03DAR_STDOM,CLUZ,NL,NONE,SLUZON,.WESM,-2.337,0,1.03142631053925,0,0,0
2020-10-05 00:55,2020-10-05 01:00,03DASMA_L01,CLUZ,NL,NONE,SLUZON,.WESM,-475.0074,0,0.997917473316193,0,0,0
2020-10-05 00:55,2020-10-05 01:00,03DASMA_SS,CLUZ,NL,NONE,SLUZON,.WESM,0,0,0.999362409114838,0,0,0
2020-10-05 00:55,2020-10-05 01:00,03GUMAC_SS,CLUZ,NL,NONE,SLUZON,.WESM,0,0,0.99252861738205,0,0,0
2020-10-05 00:55,2020-10-05 01:00,03GUMAC_T1L1,CLUZ,NL,NONE,SLUZON,.WESM,-3.9958,0,0.991916298866272,0,0,0
2020-10-05 00:55,2020-10-05 01:00,03GUMAC_T1L2,CLUZ,NL,NONE,SLUZON,.WESM,-10.8686,0,0.991916298866272,0,0,0
2020-10-05 00:55,2020-10-05 01:00,03GUMAC_T1L3,CLUZ,NL,NONE,SLUZON,.WESM,-12.1474,0,0.991916298866272,0,0,0
2020-10-05 00:55,2020-10-05 01:00,03GUMAC_T1L4,CLUZ,NL,NONE,SLUZON,.WESM,-2.9325,0,0.991916298866272,0,0,0
2020-10-05 00:55,2020-10-05 01:00,03ILIJAN_G01,CLUZ,G,NATURAL GAS,SLUZON,KEPCO ILIJAN,420,0,1.01423072814941,0,0,0
2020-10-05 00:55,2020-10-05 01:00,03ILIJAN_G02,CLUZ,G,NATURAL GAS,SLUZON,KEPCO ILIJAN,460.5505,0,1.01424276828766,0,0,0
2020-10-05 00:55,2020-10-05 01:00,03ILIJAN_SS,CLUZ,NL,NONE,SLUZON,.WESM,0,0,1.01423072814941,0,0,0
2020-10-05 00:55,2020-10-05 01:00,03ILIJAN_SS2,CLUZ,NL,NONE,SLUZON,.WESM,0,0,1.01424276828766,0,0,0
2020-10-05 00:55,2020-10-05 01:00,03KAL_E_T1L1,CLUZ,NL,NONE,SLUZON,.WESM,-12.9272,0,0.991015493869781,0,0,0
2020-10-05 00:55,2020-10-05 01:00,03KAL_G01,CLUZ,PS,HYDRO,SLUZON,CBK (KPSPP),-160,0,0.990545451641083,0,0,0
2020-10-05 00:55,2020-10-05 01:00,03KAL_G02,CLUZ,PS,HYDRO,SLUZON,CBK (KPSPP),-160,0,0.990545451641083,0,0,0
2020-10-05 00:55,2020-10-05 01:00,03KAL_G03,CLUZ,PS,HYDRO,SLUZON,CBK (KPSPP),90,0,0.990891993045807,0,0,0
2020-10-05 00:55,2020-10-05 01:00,03KAL_G04,CLUZ,PS,HYDRO,SLUZON,CBK (KPSPP),0,0,0.990777015686035,0,0,0
2020-10-05 00:55,2020-10-05 01:00,03KAL_SS,CLUZ,NL,NONE,SLUZON,.WESM,0,0,0.990777015686035,0,0,0
2020-10-05 00:55,2020-10-05 01:00,03LABO_SS,CLUZ,NL,NONE,SLUZON,.WESM,0,0,0.998979270458221,0,0,0
2020-10-05 00:55,2020-10-05 01:00,03LABO_T1L1,CLUZ,NL,NONE,SLUZON,.WESM,-21.1197,0,0.996308445930481,0,0,0
2020-10-05 00:55,2020-10-05 01:00,03LABO_T1L2,CLUZ,NL,NONE,SLUZON,.WESM,-5.0766,0,0.998579978942871,0,0,0
2020-10-05 00:55,2020-10-05 01:00,03LIAN_G01,CLUZ,G,BIOMASS,SLUZON,ASEAGAS,0,0,1.01621377468109,0,0,0
2020-10-05 00:55,2020-10-05 01:00,03LIAN_S01,CLUZ,NL,NONE,SLUZON,.WESM,0,0,1.01621377468109,0,0,0
2020-10-05 00:55,2020-10-05 01:00,03LUZ_002,CLUZ,NL,NONE,SLUZON,.WESM,0,0,1.02539002895355,0,0,0
2020-10-05 00:55,2020-10-05 01:00,03MAJAY_G01,CLUZ,G,,,,0,0,0.990696847438812,0,0,0
2020-10-05 00:55,2020-10-05 01:00,03MAKBA_T3L1,CLUZ,NL,NONE,SLUZON,.WESM,-0.8528,0,0.999946653842926,0,0,0
2020-10-05 00:55,2020-10-05 01:00,03MAKBA_T3L2,CLUZ,NL,NONE,SLUZON,.WESM,-46.4486,0,0.999946653842926,0,0,0
2020-10-05 00:55,2020-10-05 01:00,03MALAYA_G01,CLUZ,G,OIL-BASED,SLUZON,MALAYA TPP,0,0,1,0,0,0
2020-10-05 00:55,2020-10-05 01:00,03MALAYA_G02,CLUZ,G,OIL-BASED,SLUZON,MALAYA TPP,0,0,1,0,0,0
2020-10-05 00:55,2020-10-05 01:00,03MEC_G01,CLUZ,G,SOLAR,SLUZON,MAJESTICS SOLAR,0,0,0.997917473316193,0,0,0
2020-10-05 00:55,2020-10-05 01:00,03MGI_G02,CLUZ,G,GEOTHERMAL,SLUZON,MGPP,11.2,0,0.984345257282257,0,0,0
2020-10-05 00:55,2020-10-05 01:00,03MGPP_G01,CLUZ,G,GEOTHERMAL,SLUZON,MGPP,19.1,0,0.984345257282257,0,0,0
2020-10-05 00:55,2020-10-05 01:00,03MKBNA_SS,CLUZ,NL,NONE,SLUZON,.WESM,-4.7565,0,1,0,0,0
2020-10-05 00:55,2020-10-05 01:00,03MKBNB_SS,CLUZ,NL,NONE,SLUZON,.WESM,-7.5056,0,1.00024032592773,0,0,0
2020-10-05 00:55,2020-10-05 01:00,03MKBNC_SS,CLUZ,NL,NONE,SLUZON,.WESM,0,0,1.0003080368042,0,0,0
2020-10-05 00:55,2020-10-05 01:00,03MKBND_SS,CLUZ,NL,NONE,SLUZON,.WESM,0,0,1.00056529045105,0,0,0
2020-10-05 00:55,2020-10-05 01:00,03MKBNE_SS,CLUZ,NL,NONE,SLUZON,.WESM,0,0,0.999946653842926,0,0,0
2020-10-05 00:55,2020-10-05 01:00,03MKBN_A,CLUZ,G,GEOTHERMAL,SLUZON,MAKBAN GPP,48.947347826112,0,1.00015306472778,0,0,0
2020-10-05 00:55,2020-10-05 01:00,03MKBN_B,CLUZ,G,GEOTHERMAL,SLUZON,MAKBAN GPP,88,0,1.00049543380737,0,0,0
2020-10-05 00:55,2020-10-05 01:00,03MKBN_C,CLUZ,G,GEOTHERMAL,SLUZON,MAKBAN GPP,0,0,1.0003080368042,0,0,0
2020-10-05 00:55,2020-10-05 01:00,03MKBN_D,CLUZ,G,GEOTHERMAL,SLUZON,MAKBAN GPP,32,0,1.00074398517609,0,0,0
2020-10-05 00:55,2020-10-05 01:00,03MKBN_E,CLUZ,G,GEOTHERMAL,SLUZON,MAKBAN GPP,18.960869565236,0,0.999946653842926,0,0,0
2020-10-05 00:55,2020-10-05 01:00,03MLAYA_SS,CLUZ,NL,NONE,SLUZON,.WESM,0,0,0.989892661571503,0,0,0
2020-10-05 00:55,2020-10-05 01:00,03MLAYA_SS1,CLUZ,NL,NONE,SLUZON,.WESM,0,0,0.989892661571503,0,0,0
2020-10-05 00:55,2020-10-05 01:00,03MLAYA_T2L1,CLUZ,NL,NONE,SLUZON,.WESM,0,0,0.989892661571503,0,0,0
2020-10-05 00:55,2020-10-05 01:00,03MLAYA_T2L2,CLUZ,NL,NONE,SLUZON,.WESM,0,0,1,0,0,0
2020-10-05 00:55,2020-10-05 01:00,03NAG_CSRC2B,CLUZ,NL,NONE,SLUZON,.WESM,-10.067,0,1.02459275722504,0,0,0
2020-10-05 00:55,2020-10-05 01:00,03NAG_CSRCO1,CLUZ,NL,NONE,SLUZON,.WESM,-13.3736,0,1.02459275722504,0,0,0
2020-10-05 00:55,2020-10-05 01:00,03NAG_CSRCO2,CLUZ,NL,NONE,SLUZON,.WESM,-31.5842,0,1.02459275722504,0,0,0
2020-10-05 00:55,2020-10-05 01:00,03NAG_CSRCO3,CLUZ,NL,NONE,SLUZON,.WESM,-22.5396,0,1.02459275722504,0,0,0
2020-10-05 00:55,2020-10-05 01:00,03NAG_CSRCO4,CLUZ,NL,NONE,SLUZON,.WESM,-14.9704,0,1.02459275722504,0,0,0
2020-10-05 00:55,2020-10-05 01:00,03NAG_SS,CLUZ,NL,NONE,SLUZON,.WESM,0,0,1.02539002895355,0,0,0
2020-10-05 00:55,2020-10-05 01:00,03ORMAT_G01,CLUZ,G,GEOTHERMAL,SLUZON,MAKBAN GPP,1.8,0,0.999946653842926,0,0,0
2020-10-05 00:55,2020-10-05 01:00,03ORMAT_SS,CLUZ,NL,NONE,SLUZON,.WESM,0,0,0.999946653842926,0,0,0
2020-10-05 00:55,2020-10-05 01:00,03PAGBIL_G01,CLUZ,G,COAL,SLUZON,PAGBILAO CFTPP,304,0,1.02635335922241,0,0,0
2020-10-05 00:55,2020-10-05 01:00,03PAGBIL_G02,CLUZ,G,COAL,SLUZON,PAGBILAO CFTPP,304,0,1.02635335922241,0,0,0
2020-10-05 00:55,2020-10-05 01:00,03PAGBIL_G03,CLUZ,G,COAL,SLUZON,PEC,385,0,1.02641105651855,0,0,0
2020-10-05 00:55,2020-10-05 01:00,03PALAK_G01,CLUZ,G,,,,0,0,0.984345257282257,0,0,0
2020-10-05 00:55,2020-10-05 01:00,03PGBIL_SS,CLUZ,NL,NONE,SLUZON,.WESM,0,0,1.02622723579407,0,0,0
2020-10-05 00:55,2020-10-05 01:00,03PGBIL_SS1,CLUZ,NL,NONE,SLUZON,.WESM,0,0,1.02622723579407,0,0,0
2020-10-05 00:55,2020-10-05 01:00,03PGBIL_SS2,CLUZ,NL,NONE,SLUZON,.WESM,0,0,1.02622723579407,0,0,0
2020-10-05 00:55,2020-10-05 01:00,03PSHELL_G01,CLUZ,G,,,,0,0,1.01017045974731,0,0,0
2020-10-05 00:55,2020-10-05 01:00,03QPPL_G01,CLUZ,G,COAL,SLUZON,QUEZON POWER,185,0,1.02596282958984,0,0,0
2020-10-05 00:55,2020-10-05 01:00,03QPPL_SU1,CLUZ,NL,NONE,SLUZON,.WESM,0,0,1.02596282958984,0,0,0
2020-10-05 00:55,2020-10-05 01:00,03QPPL_T5L1,CLUZ,NL,NONE,SLUZON,.WESM,0,0,1.02596282958984,0,0,0
2020-10-05 00:55,2020-10-05 01:00,03RCBMI_G01,CLUZ,G,OIL-BASED,SLUZON,LAFARGE,0,0,1.01017045974731,0,0,0
2020-10-05 00:55,2020-10-05 01:00,03RCBMI_G02,CLUZ,G,OIL-BASED,SLUZON,LAFARGE,0,0,1.01017045974731,0,0,0
2020-10-05 00:55,2020-10-05 01:00,03SBPL_G01,CLUZ,G,,,,410,0,1.02596282958984,0,0,0
2020-10-05 00:55,2020-10-05 01:00,03SBPL_L01,CLUZ,NL,NONE,SLUZON,.WESM,0,0,1.02596282958984,0,0,0
2020-10-05 00:55,2020-10-05 01:00,03SLPGC_G01,CLUZ,G,COAL,SLUZON,SLPGC,150,0,1.0220639705658,0,0,0
2020-10-05 00:55,2020-10-05 01:00,03SLPGC_G02,CLUZ,G,COAL,SLUZON,SLPGC,150,0,1.0220639705658,0,0,0
2020-10-05 00:55,2020-10-05 01:00,03SLPGC_G03,CLUZ,G,OIL-BASED,SLUZON,SLPGC,0,0,1.01723086833954,0,0,0
2020-10-05 00:55,2020-10-05 01:00,03SLPGC_G04,CLUZ,G,OIL-BASED,SLUZON,SLPGC,0,0,1.01723086833954,0,0,0
2020-10-05 00:55,2020-10-05 01:00,03SLPGC_SS,CLUZ,NL,NONE,SLUZON,.WESM,0,0,1.01723086833954,0,0,0
2020-10-05 00:55,2020-10-05 01:00,03SLTEC_G01,CLUZ,G,COAL,SLUZON,SLTEC,121,0,1.02254557609558,0,0,0
2020-10-05 00:55,2020-10-05 01:00,03SLTEC_G02,CLUZ,G,COAL,SLUZON,SLTEC,122.9,0,1.02255928516388,0,0,0
2020-10-05 00:55,2020-10-05 01:00,03SLTEC_SS,CLUZ,NL,NONE,SLUZON,.WESM,0,0,1.02170920372009,0,0,0
2020-10-05 00:55,2020-10-05 01:00,03SNGAB_G01,CLUZ,G,NATURAL GAS,SLUZON,FIRST NATGAS,0,0,1,0,0,0
2020-10-05 00:55,2020-10-05 01:00,03SNGAB_S01,CLUZ,NL,NONE,SLUZON,.WESM,0,0,1,0,0,0
2020-10-05 00:55,2020-10-05 01:00,03STA-RI_G01,CLUZ,G,NATURAL GAS,SLUZON,STA RITA FGPP,159.486653168803,0,1.01501798629761,0,0,0
2020-10-05 00:55,2020-10-05 01:00,03STA-RI_G02,CLUZ,G,NATURAL GAS,SLUZON,STA RITA FGPP,0,0,1,0,0,0
2020-10-05 00:55,2020-10-05 01:00,03STA-RI_G03,CLUZ,G,NATURAL GAS,SLUZON,STA RITA FGPP,159.486653168803,0,1.01501798629761,0,0,0
2020-10-05 00:55,2020-10-05 01:00,03STA-RI_G04,CLUZ,G,NATURAL GAS,SLUZON,STA RITA FGPP,159.486653168803,0,1.01501798629761,0,0,0
2020-10-05 00:55,2020-10-05 01:00,03STA-RI_G05,CLUZ,G,NATURAL GAS,SLUZON,SAN LORENZO FGPP,159.486653168803,0,1.01501798629761,0,0,0
2020-10-05 00:55,2020-10-05 01:00,03STA-RI_G06,CLUZ,G,NATURAL GAS,SLUZON,SAN LORENZO FGPP,159.486653168803,0,1.01501798629761,0,0,0
2020-10-05 00:55,2020-10-05 01:00,03STAR_SS1,CLUZ,NL,NONE,SLUZON,.WESM,0,0,1.01501798629761,0,0,0
2020-10-05 00:55,2020-10-05 01:00,03STAR_SS2,CLUZ,NL,NONE,SLUZON,.WESM,0,0,1,0,0,0
2020-10-05 00:55,2020-10-05 01:00,03STAR_SS3,CLUZ,NL,NONE,SLUZON,.WESM,0,0,1.01501798629761,0,0,0
2020-10-05 00:55,2020-10-05 01:00,03STAR_SS4,CLUZ,NL,NONE,SLUZON,.WESM,0,0,1.01501798629761,0,0,0
2020-10-05 00:55,2020-10-05 01:00,03STAR_SS5,CLUZ,NL,NONE,SLUZON,.WESM,0,0,1.01501798629761,0,0,0
2020-10-05 00:55,2020-10-05 01:00,03STAR_SS6,CLUZ,NL,NONE,SLUZON,.WESM,0,0,1.01501798629761,0,0,0
2020-10-05 00:55,2020-10-05 01:00,03STROS_T1L1,CLUZ,NL,NONE,SLUZON,.WESM,-212.4423,0,0.994716644287109,0,0,0
2020-10-05 00:55,2020-10-05 01:00,03TAYAB_SS,CLUZ,NL,NONE,SLUZON,.WESM,0,0,1.01160323619843,0,0,0
2020-10-05 00:55,2020-10-05 01:00,03TAYAB_T1L1,CLUZ,NL,NONE,SLUZON,.WESM,-29.9122,0,1.01232004165649,0,0,0
2020-10-05 00:55,2020-10-05 01:00,03TAYAB_T1L2,CLUZ,NL,,,,-30.6254,0,1.01232004165649,0,0,0
2020-10-05 00:55,2020-10-05 01:00,03TIWIA_SS,CLUZ,NL,NONE,SLUZON,.WESM,-16.2404,0,1.03358674049377,0,0,0
2020-10-05 00:55,2020-10-05 01:00,03TIWIC_SS,CLUZ,NL,NONE,SLUZON,.WESM,0,0,1.03365218639374,0,0,0
2020-10-05 00:55,2020-10-05 01:00,03TIWI_A,CLUZ,G,GEOTHERMAL,SLUZON,TIWI GPP,19,0,1.03358674049377,0,0,0
2020-10-05 00:55,2020-10-05 01:00,03TIWI_C,CLUZ,G,GEOTHERMAL,SLUZON,TIWI GPP,88,0,1.03449773788452,0,0,0
2020-10-05 00:55,2020-10-05 01:00,04BABAT_SS,CVIS,NL,NONE,LEYTE,.WESM,0,0,0.98702734708786,0,0,0
2020-10-05 00:55,2020-10-05 01:00,04BABAT_T1L1,CVIS,NL,NONE,LEYTE,.WESM,0,0,0.98702734708786,0,0,0
2020-10-05 00:55,2020-10-05 01:00,04BAGLI_T1L1,CVIS,NL,NONE,LEYTE,.WESM,0,0,0.986343622207642,0,0,0
2020-10-05 00:55,2020-10-05 01:00,04CLBYOG_L01,CVIS,NL,NONE,LEYTE,.WESM,-2.6612,0,0.959387838840485,0,0,0
2020-10-05 00:55,2020-10-05 01:00,04CLBYOG_L02,CVIS,NL,NONE,LEYTE,.WESM,-28.4023,0,0.959387838840485,0,0,0
2020-10-05 00:55,2020-10-05 01:00,04CLBYOG_SS,CVIS,NL,NONE,LEYTE,.WESM,0,0,0.96074116230011,0,0,0
2020-10-05 00:55,2020-10-05 01:00,04IASMOD_G01,CVIS,G,,,,0,0,1.00500440597534,0,0,0
2020-10-05 00:55,2020-10-05 01:00,04IASMOD_G02,CVIS,G,,,,0,0,1.00500440597534,0,0,0
2020-10-05 00:55,2020-10-05 01:00,04IASMOD_G03,CVIS,G,,,,0,0,1.00500440597534,0,0,0
2020-10-05 00:55,2020-10-05 01:00,04IASMOD_G04,CVIS,G,,,,0,0,1.00500440597534,0,0,0
2020-10-05 00:55,2020-10-05 01:00,04IASMOD_G05,CVIS,G,,,,0,0,1.00500440597534,0,0,0
2020-10-05 00:55,2020-10-05 01:00,04IASMOD_G06,CVIS,G,,,,0,0,1.00500440597534,0,0,0
2020-10-05 00:55,2020-10-05 01:00,04ISABE_SS,CVIS,NL,NONE,LEYTE,.WESM,0,0,1.00500440597534,0,0,0
2020-10-05 00:55,2020-10-05 01:00,04ISABE_T1L1,CVIS,NL,NONE,LEYTE,.WESM,-7.1919,0,1.00456178188324,0,0,0
2020-10-05 00:55,2020-10-05 01:00,04ISABE_T2L1,CVIS,NL,NONE,LEYTE,.WESM,-23.161,0,1.00500440597534,0,0,0
2020-10-05 00:55,2020-10-05 01:00,04ISABE_T3L1,CVIS,NL,NONE,LEYTE,.WESM,0,0,1.00500440597534,0,0,0
2020-10-05 00:55,2020-10-05 01:00,04ISABE_T4L2,CVIS,NL,NONE,LEYTE,.WESM,-10.0143,0,1.00500440597534,0,0,0
2020-10-05 00:55,2020-10-05 01:00,04ISABE_T5L2,CVIS,NL,NONE,LEYTE,.WESM,-0.2081,0,1.00500440597534,0,0,0
2020-10-05 00:55,2020-10-05 01:00,04LEYTE_A,CVIS,G,GEOTHERMAL,LEYTE,LEYTE A GPP,337,0,1.00953137874603,0,0,0
2020-10-05 00:55,2020-10-05 01:00,04LEYTE_S01,CVIS,NL,NONE,LEYTE,.WESM,0,0,1.00953137874603,0,0,0
2020-10-05 00:55,2020-10-05 01:00,04LGPP_G01,CVIS,G,GEOTHERMAL,LEYTE,LEYTE GPP I,120.5,0,1.01766002178192,0,0,0
2020-10-05 00:55,2020-10-05 01:00,04MAASI_SS,CVIS,NL,NONE,LEYTE,.WESM,0,0,0.94680917263031,0,0,0
2020-10-05 00:55,2020-10-05 01:00,04MAASI_T1L1,CVIS,NL,NONE,LEYTE,.WESM,-18.4024,0,0.942675113677979,0,0,0
2020-10-05 00:55,2020-10-05 01:00,04MAASI_T2L2,CVIS,NL,NONE,LEYTE,.WESM,-7.4425,0,0.942675113677979,0,0,0
2020-10-05 00:55,2020-10-05 01:00,04ORMOC_SS,CVIS,NL,NONE,LEYTE,.WESM,0,0,1.00890100002289,0,0,0
2020-10-05 00:55,2020-10-05 01:00,04ORMOC_T2L1,CVIS,NL,NONE,LEYTE,.WESM,-39.7663,0,1.00751042366028,0,0,0
2020-10-05 00:55,2020-10-05 01:00,04ORMOC_T2L2,CVIS,NL,NONE,LEYTE,.WESM,-30.2761,0,1.00751042366028,0,0,0
2020-10-05 00:55,2020-10-05 01:00,04PARA_SS,CVIS,NL,NONE,LEYTE,.WESM,0,0,0.969084143638611,0,0,0
2020-10-05 00:55,2020-10-05 01:00,04PHSOL_G01,CVIS,G,SOLAR,LEYTE,PHILIPPINE SOLAR FARM,0,0,1.00751042366028,0,0,0
2020-10-05 00:55,2020-10-05 01:00,04SEPSOL_G01,CVIS,G,SOLAR,LEYTE,SEPSOL,0,0,1.00751042366028,0,0,0
2020-10-05 00:55,2020-10-05 01:00,04STAR_SS,CVIS,NL,NONE,LEYTE,.WESM,0,0,0.986343622207642,0,0,0
2020-10-05 00:55,2020-10-05 01:00,04TABAN_SS,CVIS,NL,NONE,LEYTE,.WESM,0,0,1.00592660903931,0,0,0
2020-10-05 00:55,2020-10-05 01:00,04TABAN_T1L1,CVIS,NL,NONE,LEYTE,.WESM,-2.8559,0,1.00551319122314,0,0,0
2020-10-05 00:55,2020-10-05 01:00,04TONGIA_SS,CVIS,NL,NONE,LEYTE,.WESM,0,0,1.01766002178192,0,0,0
2020-10-05 00:55,2020-10-05 01:00,04TONGO_T2L2,CVIS,NL,NONE,LEYTE,.WESM,-11.1434,0,1.01349866390228,0,0,0
2020-10-05 00:55,2020-10-05 01:00,04VIS_002,CVIS,NL,NONE,LEYTE,.WESM,0,0,1.00890100002289,0,0,0
2020-10-05 00:55,2020-10-05 01:00,04WRIGH_T1L1,CVIS,NL,NONE,LEYTE,.WESM,-11.9879,0,0.968722105026245,0,0,0
2020-10-05 00:55,2020-10-05 01:00,04WRIGH_T2L2,CVIS,NL,NONE,LEYTE,.WESM,-18.7889,0,0.967898428440094,0,0,0
2020-10-05 00:55,2020-10-05 01:00,05BANIL_T1L1,CVIS,NL,NONE,CEBU,.WESM,-34.6638,0,0.99302726984024,0,0,0
2020-10-05 00:55,2020-10-05 01:00,05BANIL_T1L2,CVIS,NL,NONE,CEBU,.WESM,-51.3247,0,0.99302726984024,0,0,0
2020-10-05 00:55,2020-10-05 01:00,05BANIL_T1L3,CVIS,NL,,,,0,0,0.99302726984024,0,0,0
2020-10-05 00:55,2020-10-05 01:00,05CDPPI_SS1,CVIS,NL,NONE,CEBU,.WESM,0,0,0.999820590019226,0,0,0
2020-10-05 00:55,2020-10-05 01:00,05CDPPI_SS2,CVIS,NL,NONE,CEBU,.WESM,0,0,0.999820590019226,0,0,0
2020-10-05 00:55,2020-10-05 01:00,05CEDC_L01,CVIS,NL,NONE,CEBU,.WESM,0,0,1,0,0,0
2020-10-05 00:55,2020-10-05 01:00,05CEDC_SS,CVIS,NL,NONE,CEBU,.WESM,0,0,1.0153181552887,0,0,0
2020-10-05 00:55,2020-10-05 01:00,05CEDC_U01,CVIS,G,COAL,CEBU,CEDC CFTPP,45,0,1.01537621021271,0,0,0
2020-10-05 00:55,2020-10-05 01:00,05CEDC_U02,CVIS,G,COAL,CEBU,CEDC CFTPP,45,0,1.01537621021271,0,0,0
2020-10-05 00:55,2020-10-05 01:00,05CEDC_U03,CVIS,G,COAL,CEBU,CEDC CFTPP,45,0,1.01537621021271,0,0,0
2020-10-05 00:55,2020-10-05 01:00,05CEMEX_L01,CVIS,NL,NONE,CEBU,.WESM,0,0,1,0,0,0
2020-10-05 00:55,2020-10-05 01:00,05COMPS_SS,CVIS,NL,NONE,CEBU,.WESM,0,0,0.994025468826294,0,0,0
2020-10-05 00:55,2020-10-05 01:00,05COMPS_T1L1,CVIS,NL,NONE,CEBU,.WESM,-44.5106,0,0.993309199810028,0,0,0
2020-10-05 00:55,2020-10-05 01:00,05COMPS_T2L2,CVIS,NL,NONE,CEBU,.WESM,-7.2787,0,0.993309199810028,0,0,0
2020-10-05 00:55,2020-10-05 01:00,05CPPC_G01,CVIS,G,OIL-BASED,CEBU,CPPC DPP,0,0,0.993490397930145,0,0,0
2020-10-05 00:55,2020-10-05 01:00,05CTPP1_SS,CVIS,NL,NONE,CEBU,.WESM,0,0,0.999820590019226,0,0,0
2020-10-05 00:55,2020-10-05 01:00,05CTPP2_SS1,CVIS,NL,NONE,CEBU,.WESM,0,0,0.999820590019226,0,0,0
2020-10-05 00:55,2020-10-05 01:00,05CTPP2_SS2,CVIS,NL,NONE,CEBU,.WESM,0,0,0.999820590019226,0,0,0
2020-10-05 00:55,2020-10-05 01:00,05DAANB_SS,CVIS,NL,NONE,CEBU,.WESM,0,0,1.00054693222046,0,0,0
2020-10-05 00:55,2020-10-05 01:00,05EAUC_G01,CVIS,G,OIL-BASED,CEBU,EAUC DPP,0,0,0.990483343601227,0,0,0
2020-10-05 00:55,2020-10-05 01:00,05KSPC_G01,CVIS,G,COAL,CEBU,KSPC CFTPP 1,98,0,1.00075769424438,0,0,0
2020-10-05 00:55,2020-10-05 01:00,05KSPC_G02,CVIS,G,COAL,CEBU,KSPC CFTPP 2,98,0,1.00075769424438,0,0,0
2020-10-05 00:55,2020-10-05 01:00,05KSPC_SS1,CVIS,NL,NONE,CEBU,.WESM,0,0,1.00075769424438,0,0,0
2020-10-05 00:55,2020-10-05 01:00,05KSPC_SS2,CVIS,NL,NONE,CEBU,.WESM,0,0,1.00075769424438,0,0,0
2020-10-05 00:55,2020-10-05 01:00,05LAPU_SS,CVIS,NL,NONE,CEBU,.WESM,0,0,0.990498006343842,0,0,0
2020-10-05 00:55,2020-10-05 01:00,05MCTAN_T1L1,CVIS,NL,NONE,CEBU,.WESM,-28.4432,0,0.990483343601227,0,0,0
2020-10-05 00:55,2020-10-05 01:00,05MNDUE_SS,CVIS,NL,NONE,CEBU,.WESM,0,0,0.990696728229523,0,0,0
2020-10-05 00:55,2020-10-05 01:00,05MNDUE_T1L1,CVIS,NL,NONE,CEBU,.WESM,-8.1099,0,0.990592658519745,0,0,0
2020-10-05 00:55,2020-10-05 01:00,05MNDUE_T1L2,CVIS,NL,NONE,CEBU,.WESM,-32.9583,0,0.990592658519745,0,0,0
2020-10-05 00:55,2020-10-05 01:00,05MNDUE_T1L4,CVIS,NL,NONE,CEBU,.WESM,-6.2752,0,0.990592658519745,0,0,0
2020-10-05 00:55,2020-10-05 01:00,05MNDUE_T1L5,CVIS,NL,NONE,CEBU,.WESM,-35.0729,0,0.990592658519745,0,0,0
2020-10-05 00:55,2020-10-05 01:00,05NAGATR7_SS,CVIS,NL,NONE,CEBU,.WESM,0,0,0.999757468700409,0,0,0
2020-10-05 00:55,2020-10-05 01:00,05NAGA_T1L1,CVIS,NL,NONE,CEBU,.WESM,-35.7355,0,0.999757409095764,0,0,0
2020-10-05 00:55,2020-10-05 01:00,05NAGA_T2L2,CVIS,NL,NONE,CEBU,.WESM,0,0,1,0,0,0
2020-10-05 00:55,2020-10-05 01:00,05NEWNAGA_SS,CVIS,NL,NONE,CEBU,.WESM,0,0,1,0,0,0
2020-10-05 00:55,2020-10-05 01:00,05NNAGVE_L01,CVIS,NL,NONE,CEBU,.WESM,-95.2052,0,1,0,0,0
2020-10-05 00:55,2020-10-05 01:00,05NNAGVE_L02,CVIS,NL,NONE,CEBU,.WESM,-75.3375,0,1,0,0,0
2020-10-05 00:55,2020-10-05 01:00,05PHNPB3_G01,CVIS,G,OIL-BASED,CEBU,PHINMA ENERGY,0,0,1,0,0,0
2020-10-05 00:55,2020-10-05 01:00,05QUIOT_T1L1,CVIS,NL,NONE,CEBU,.WESM,-60.8952,0,0.993490397930145,0,0,0
2020-10-05 00:55,2020-10-05 01:00,05SAMB_L01,CVIS,NL,NONE,CEBU,.WESM,-2.6608,0,0.971513211727142,0,0,0
2020-10-05 00:55,2020-10-05 01:00,05SAMB_L02,CVIS,NL,NONE,CEBU,.WESM,0,0,1,0,0,0
2020-10-05 00:55,2020-10-05 01:00,05TALATR1_SS,CVIS,NL,NONE,CEBU,.WESM,0,0,1.01318991184235,0,0,0
2020-10-05 00:55,2020-10-05 01:00,05TALAV_SS,CVIS,NL,NONE,CEBU,.WESM,0,0,1.01318991184235,0,0,0
2020-10-05 00:55,2020-10-05 01:00,05TALAV_T1L1,CVIS,NL,NONE,CEBU,.WESM,0,0,1.01318991184235,0,0,0
2020-10-05 00:55,2020-10-05 01:00,05TALIS_T1L1,CVIS,NL,NONE,CEBU,.WESM,-15.255,0,0.998577833175659,0,0,0
2020-10-05 00:55,2020-10-05 01:00,05THVI_SS1,CVIS,NL,NONE,CEBU,.WESM,0,0,1.01644384860992,0,0,0
2020-10-05 00:55,2020-10-05 01:00,05THVI_SS2,CVIS,NL,NONE,CEBU,.WESM,0,0,1.01644349098206,0,0,0
2020-10-05 00:55,2020-10-05 01:00,05THVI_U01,CVIS,G,COAL,CEBU,TVI,73.25,0,1.01644384860992,0,0,0
2020-10-05 00:55,2020-10-05 01:00,05THVI_U02,CVIS,G,COAL,CEBU,TVI,72.65,0,1.01644349098206,0,0,0
2020-10-05 00:55,2020-10-05 01:00,05TOLSOL_G01,CVIS,G,SOLAR,CEBU,TOLSOL,0,0,1.01318991184235,0,0,0
2020-10-05 00:55,2020-10-05 01:00,05TOL_CARMEN,CVIS,NL,,,,0,0,1.00999438762665,0,0,0
2020-10-05 00:55,2020-10-05 01:00,05TPC_G01,CVIS,G,OIL-BASED,CEBU,TPC (CARMEN),0,0,1.00999438762665,0,0,0
2020-10-05 00:55,2020-10-05 01:00,05TPC_G02,CVIS,G,COAL,CEBU,TPC (SANGI),61.73,0,1.00999438762665,0,0,0
2020-10-05 00:55,2020-10-05 01:00,05TPC_L01,CVIS,NL,NONE,CEBU,.WESM,-33.5279,0,1.00999438762665,0,0,0
2020-10-05 00:55,2020-10-05 01:00,05TPC_S01,CVIS,NL,NONE,CEBU,.WESM,0,0,1.00999438762665,0,0,0
2020-10-05 00:55,2020-10-05 01:00,05TPC_S02,CVIS,NL,NONE,CEBU,.WESM,0,0,1.00999438762665,0,0,0
2020-10-05 00:55,2020-10-05 01:00,05TPVI_U01,CVIS,G,,,,0,0,1,0,0,0
2020-10-05 00:55,2020-10-05 01:00,05TPVI_U02,CVIS,G,,,,0,0,1,0,0,0
2020-10-05 00:55,2020-10-05 01:00,05TPVI_U03,CVIS,G,,,,0,0,1,0,0,0
2020-10-05 00:55,2020-10-05 01:00,05TPVI_U04,CVIS,G,,,,0,0,1,0,0,0
2020-10-05 00:55,2020-10-05 01:00,05TPVI_U05,CVIS,G,,,,0,0,1,0,0,0
2020-10-05 00:55,2020-10-05 01:00,05TPVI_U06,CVIS,G,,,,0,0,1,0,0,0
2020-10-05 00:55,2020-10-05 01:00,06AMLAN_SS,CVIS,NL,NONE,NEGROS,.WESM,0,0,0.961057007312775,0,0,0
2020-10-05 00:55,2020-10-05 01:00,06AMLAN_T1L1,CVIS,NL,NONE,NEGROS,.WESM,-17.5342,0,0.959831535816193,0,0,0
2020-10-05 00:55,2020-10-05 01:00,06AMLAN_T2L2,CVIS,NL,NONE,NEGROS,.WESM,-41.0553,0,0.959831535816193,0,0,0
2020-10-05 00:55,2020-10-05 01:00,06AMLA_G01,CVIS,G,HYDRO,NEGROS,AMLAN HEP,0,0,0.959831535816193,0,0,0
2020-10-05 00:55,2020-10-05 01:00,06BACOL_SS,CVIS,NL,NONE,NEGROS,.WESM,0,0,0.905539214611053,0,0,0
2020-10-05 00:55,2020-10-05 01:00,06BACOL_T1L1,CVIS,NL,NONE,NEGROS,.WESM,-28.7559,0,0.9051194190979,0,0,0
2020-10-05 00:55,2020-10-05 01:00,06BACOL_T1L2,CVIS,NL,NONE,NEGROS,.WESM,-18.6279,0,0.9051194190979,0,0,0
2020-10-05 00:55,2020-10-05 01:00,06BACOL_T2L2,CVIS,NL,NONE,NEGROS,.WESM,-34.5239,0,0.9051194190979,0,0,0
2020-10-05 00:55,2020-10-05 01:00,06BACOL_T3L3,CVIS,NL,NONE,NEGROS,.WESM,-53.3928,0,0.9051194190979,0,0,0
2020-10-05 00:55,2020-10-05 01:00,06BISCOM_G01,CVIS,G,,,,0,0,0.928214073181152,0,0,0
2020-10-05 00:55,2020-10-05 01:00,06CABI_G01,CVIS,G,,,,0,0,0.959831535816193,0,0,0
2020-10-05 00:55,2020-10-05 01:00,06CADIZL_SS,CVIS,NL,NONE,NEGROS,.WESM,0,0,0.887915670871735,0,0,0
2020-10-05 00:55,2020-10-05 01:00,06CADIZL_T1L1,CVIS,NL,NONE,NEGROS,.WESM,-14.0305,0,0.887693643569946,0,0,0
2020-10-05 00:55,2020-10-05 01:00,06CADIZL_T1L2,CVIS,NL,NONE,NEGROS,.WESM,-14.2426,0,0.887693643569946,0,0,0
2020-10-05 00:55,2020-10-05 01:00,06CADIZL_T1L3,CVIS,NL,NONE,NEGROS,.WESM,-19.4798,0,0.887693643569946,0,0,0
2020-10-05 00:55,2020-10-05 01:00,06CARSOL_G01,CVIS,G,SOLAR,NEGROS,LA CARLOTA SOLAR,0,0,0.9051194190979,0,0,0
2020-10-05 00:55,2020-10-05 01:00,06CENPRI_U01,CVIS,G,OIL-BASED,NEGROS,CENPRI,0,0,1,0,0,0
2020-10-05 00:55,2020-10-05 01:00,06CENPRI_U02,CVIS,G,OIL-BASED,NEGROS,CENPRI,0,0,1,0,0,0
2020-10-05 00:55,2020-10-05 01:00,06CENPRI_U03,CVIS,G,OIL-BASED,NEGROS,CENPRI,0,0,1,0,0,0
2020-10-05 00:55,2020-10-05 01:00,06CENPRI_U04,CVIS,G,OIL-BASED,NEGROS,CENPRI,0,0,1,0,0,0
2020-10-05 00:55,2020-10-05 01:00,06CENPRI_U05,CVIS,G,OIL-BASED,NEGROS,CENPRI,0,0,1,0,0,0
2020-10-05 00:55,2020-10-05 01:00,06FFHC_G01,CVIS,G,BIOMASS,NEGROS,FFHC BIODSL,7,0,0.887693643569946,0,0,0
2020-10-05 00:55,2020-10-05 01:00,06HELIOS_G01,CVIS,G,SOLAR,NEGROS,HELIOS SOLAR,0,0,0.887915670871735,0,0,0
2020-10-05 00:55,2020-10-05 01:00,06HELIOS_S01,CVIS,NL,NONE,NEGROS,.WESM,0,0,0.887915670871735,0,0,0
2020-10-05 00:55,2020-10-05 01:00,06HPCO_G01,CVIS,G,BIOMASS,NEGROS,HAWAIIAN PHILIPPINES,0,0,1,0,0,0
2020-10-05 00:55,2020-10-05 01:00,06HPCO_G02,CVIS,G,BIOMASS,NEGROS,HAWAIIAN PHILIPPINES,0,0,0.9051194190979,0,0,0
2020-10-05 00:55,2020-10-05 01:00,06KABAN_L01,CVIS,NL,,,,0,0,1,0,0,0
2020-10-05 00:55,2020-10-05 01:00,06KABAN_SS,CVIS,NL,NONE,NEGROS,.WESM,0,0,0.928494572639465,0,0,0
2020-10-05 00:55,2020-10-05 01:00,06KABAN_T1L1,CVIS,NL,NONE,NEGROS,.WESM,-14.7278,0,0.928214073181152,0,0,0
2020-10-05 00:55,2020-10-05 01:00,06KABAN_T2L2,CVIS,NL,NONE,NEGROS,.WESM,0,0,0.928214073181152,0,0,0
2020-10-05 00:55,2020-10-05 01:00,06MABIN_SS,CVIS,NL,NONE,NEGROS,.WESM,0,0,0.94374942779541,0,0,0
2020-10-05 00:55,2020-10-05 01:00,06MABIN_T1L1,CVIS,NL,NONE,NEGROS,.WESM,-7.0715,0,0.944104552268982,0,0,0
2020-10-05 00:55,2020-10-05 01:00,06MABIN_T2L2,CVIS,NL,NONE,NEGROS,.WESM,0,0,0.944104552268982,0,0,0
2020-10-05 00:55,2020-10-05 01:00,06MANSOL_G01,CVIS,G,SOLAR,NEGROS,MANAPLA SOLAR,0,0,0.887693643569946,0,0,0
2020-10-05 00:55,2020-10-05 01:00,06MNTSOL_G01,CVIS,G,SOLAR,NEGROS,MONTE SOLAR,0,0,0.959831535816193,0,0,0
2020-10-05 00:55,2020-10-05 01:00,06NASULO_G01,CVIS,G,GEOTHERMAL,NEGROS,NASULO GPP,47,0,0.971509277820587,0,0,0
2020-10-05 00:55,2020-10-05 01:00,06NTNEGB_G01,CVIS,G,,,,0,0,0.887693643569946,0,0,0
2020-10-05 00:55,2020-10-05 01:00,06PAL1A_G01,CVIS,G,GEOTHERMAL,NEGROS,PALINPINON GPP I,0,0,1,0,0,0
2020-10-05 00:55,2020-10-05 01:00,06PAL1A_SS,CVIS,NL,NONE,NEGROS,.WESM,0,0,0.961056470870972,0,0,0
2020-10-05 00:55,2020-10-05 01:00,06PAL2A_U01,CVIS,G,GEOTHERMAL,NEGROS,PALINPINON GPP II,12.6195,0,0.970559775829315,0,0,0
2020-10-05 00:55,2020-10-05 01:00,06PAL2A_U02,CVIS,G,GEOTHERMAL,NEGROS,PALINPINON GPP II,12.6495000000475,0,0.970563352108002,0,0,0
2020-10-05 00:55,2020-10-05 01:00,06PAL2A_U03,CVIS,G,GEOTHERMAL,NEGROS,PALINPINON GPP II,14.5310344827439,0,0.970611929893494,0,0,0
2020-10-05 00:55,2020-10-05 01:00,06PAL2A_U04,CVIS,G,GEOTHERMAL,NEGROS,PALINPINON GPP II,0,0,1,0,0,0
2020-10-05 00:55,2020-10-05 01:00,06SACASL_G01,CVIS,G,SOLAR,NEGROS,SACASOL,0,0,0.887693643569946,0,0,0
2020-10-05 00:55,2020-10-05 01:00,06SACASL_G02,CVIS,G,SOLAR,NEGROS,SACASOL,0,0,0.887693643569946,0,0,0
2020-10-05 00:55,2020-10-05 01:00,06SACSUN_G01,CVIS,G,SOLAR,NEGROS,SACASUN,0,0,0.887693643569946,0,0,0
2020-10-05 00:55,2020-10-05 01:00,06SCBE_G01,CVIS,G,BIOMASS,NEGROS,SCBI BIODSL,0,0,1,0,0,0
2020-10-05 00:55,2020-10-05 01:00,06SCBIOP_G01,CVIS,G,BIOMASS,NEGROS,SAN CARLOS BIOPOWER,0,0,0.887693643569946,0,0,0
2020-10-05 00:55,2020-10-05 01:00,06SLYSOL_G01,CVIS,G,SOLAR,NEGROS,SILAY SOLAR,0,0,0.9051194190979,0,0,0
2020-10-05 00:55,2020-10-05 01:00,06STNEGB_G01,CVIS,G,,,,0,0,0.9051194190979,0,0,0
2020-10-05 00:55,2020-10-05 01:00,06URC_G01,CVIS,G,BIOMASS,NEGROS,UNIVERAL ROBINA,29,0,0.944104552268982,0,0,0
2020-10-05 00:55,2020-10-05 01:00,06VMC_G01,CVIS,G,BIOMASS,NEGROS,VMC,0,0,0.887693643569946,0,0,0
2020-10-05 00:55,2020-10-05 01:00,06VMC_G02,CVIS,G,,,,0,0,1,0,0,0
2020-10-05 00:55,2020-10-05 01:00,07BDPP_G01,CVIS,G,OIL-BASED,BOHOL,BOHOL DPP,0,0,0.831569910049438,0,0,0
2020-10-05 00:55,2020-10-05 01:00,07BOHOL_T1L1,CVIS,NL,NONE,BOHOL,.WESM,-10.8461,0,0.872800827026367,0,0,0
2020-10-05 00:55,2020-10-05 01:00,07BOHOL_T4L4,CVIS,NL,NONE,BOHOL,.WESM,0,0,0.872800827026367,0,0,0
2020-10-05 00:55,2020-10-05 01:00,07COREL_T1L1,CVIS,NL,NONE,BOHOL,.WESM,-57.06,0,0.831569910049438,0,0,0
2020-10-05 00:55,2020-10-05 01:00,07COREL_T1L2,CVIS,NL,NONE,BOHOL,.WESM,0,0,0.831569910049438,0,0,0
2020-10-05 00:55,2020-10-05 01:00,07COREL_T1L3,CVIS,NL,NONE,BOHOL,.WESM,0,0,0.831569910049438,0,0,0
2020-10-05 00:55,2020-10-05 01:00,07JANOPO_G01,CVIS,G,HYDRO,BOHOL,JANOPOL HEP,5,0,0.831569910049438,0,0,0
2020-10-05 00:55,2020-10-05 01:00,07LOBOC_G01,CVIS,G,HYDRO,BOHOL,LOBOC HEP,0,0,0.831569910049438,0,0,0
2020-10-05 00:55,2020-10-05 01:00,07LOBOC_G02,CVIS,G,,,,0,0,0.831569910049438,0,0,0
2020-10-05 00:55,2020-10-05 01:00,07SEVILL_G01,CVIS,G,,,,1.8,0,0.831569910049438,0,0,0
2020-10-05 00:55,2020-10-05 01:00,07TAPAL_PB4,CVIS,G,OIL-BASED,BOHOL,SPC POWER,0,0,1,0,0,0
2020-10-05 00:55,2020-10-05 01:00,07UBAY_T1L1,CVIS,NL,NONE,BOHOL,.WESM,-11.7887,0,0.872800827026367,0,0,0
2020-10-05 00:55,2020-10-05 01:00,07UBAY_T2L2,CVIS,NL,NONE,BOHOL,.WESM,-3.7413,0,0.872800827026367,0,0,0
2020-10-05 00:55,2020-10-05 01:00,07UBAY_T3L3,CVIS,NL,NONE,BOHOL,.WESM,0,0,0.872800707817078,0,0,0
2020-10-05 00:55,2020-10-05 01:00,08BARTAC_L01,CVIS,NL,NONE,PANAY,.WESM,0,0,1,0,0,0
2020-10-05 00:55,2020-10-05 01:00,08BARTAC_SS,CVIS,NL,NONE,PANAY,.WESM,0,0,0.909678399562836,0,0,0
2020-10-05 00:55,2020-10-05 01:00,08CASA_G01,CVIS,G,BIOMASS,PANAY,CASA,0.1,0,0.912087202072144,0,0,0
2020-10-05 00:55,2020-10-05 01:00,08CONCP_T1L1,CVIS,NL,NONE,PANAY,.WESM,-14.2125,0,0.914748132228851,0,0,0
2020-10-05 00:55,2020-10-05 01:00,08COSMO_G01,CVIS,G,SOLAR,PANAY,COSMO SOLAR,0,0,0.918822705745697,0,0,0
2020-10-05 00:55,2020-10-05 01:00,08DINGL_SS,CVIS,NL,NONE,PANAY,.WESM,0,0,0.9120934009552,0,0,0
2020-10-05 00:55,2020-10-05 01:00,08DINGL_T1L1,CVIS,NL,NONE,PANAY,.WESM,0,0,0.912087202072144,0,0,0
2020-10-05 00:55,2020-10-05 01:00,08DINGL_T1L2,CVIS,NL,NONE,PANAY,.WESM,-5.0201,0,0.912087202072144,0,0,0
2020-10-05 00:55,2020-10-05 01:00,08DINGL_T1L3,CVIS,NL,NONE,PANAY,.WESM,-0.02,0,0.912093281745911,0,0,0
2020-10-05 00:55,2020-10-05 01:00,08DINGL_T1L4,CVIS,NL,NONE,PANAY,.WESM,0,0,0.912093281745911,0,0,0
2020-10-05 00:55,2020-10-05 01:00,08DINGL_T2L1,CVIS,NL,NONE,PANAY,.WESM,0,0,0.9120934009552,0,0,0
2020-10-05 00:55,2020-10-05 01:00,08DINGL_T2L2,CVIS,NL,NONE,PANAY,.WESM,0,0,0.9120934009552,0,0,0
2020-10-05 00:55,2020-10-05 01:00,08GLOBAL_G01,CVIS,G,OIL-BASED,PANAY,AVON (NABAS) DPP,0,0,0.861484706401825,0,0,0
2020-10-05 00:55,2020-10-05 01:00,08NABAS_L01,CVIS,NL,NONE,PANAY,.WESM,-11.0717,0,0.861484706401825,0,0,0
2020-10-05 00:55,2020-10-05 01:00,08NABAS_L02,CVIS,NL,NONE,PANAY,.WESM,-29.4836,0,0.861484706401825,0,0,0
2020-10-05 00:55,2020-10-05 01:00,08NABAS_L03,CVIS,NL,NONE,PANAY,.WESM,0,0,0.861484706401825,0,0,0
2020-10-05 00:55,2020-10-05 01:00,08NABAS_SS,CVIS,NL,NONE,PANAY,.WESM,0,0,0.861161291599274,0,0,0
2020-10-05 00:55,2020-10-05 01:00,08PALM_G01,CVIS,G,COAL,PANAY,PALM CONCEPCION,92.09,0,0.914957523345947,0,0,0
2020-10-05 00:55,2020-10-05 01:00,08PALM_S01,CVIS,NL,NONE,PANAY,.WESM,-12.2357,0,0.914957523345947,0,0,0
2020-10-05 00:55,2020-10-05 01:00,08PANIT_SS,CVIS,NL,NONE,PANAY,.WESM,0,0,0.901851534843445,0,0,0
2020-10-05 00:55,2020-10-05 01:00,08PANIT_T1L1,CVIS,NL,NONE,PANAY,.WESM,-13.4371,0,0.901828765869141,0,0,0
2020-10-05 00:55,2020-10-05 01:00,08PANIT_T2L2,CVIS,NL,NONE,PANAY,.WESM,0,0,0.901828765869141,0,0,0
2020-10-05 00:55,2020-10-05 01:00,08PDPP3_G01,CVIS,G,OIL-BASED,PANAY,PANAY DPP III,0,0,0.9120934009552,0,0,0
2020-10-05 00:55,2020-10-05 01:00,08PDPP3_S01,CVIS,NL,NONE,PANAY,.WESM,0,0,0.9120934009552,0,0,0
2020-10-05 00:55,2020-10-05 01:00,08PDPP_G01,CVIS,G,OIL-BASED,PANAY,PANAY DPP I,0,0,0.9120934009552,0,0,0
2020-10-05 00:55,2020-10-05 01:00,08PEDC_SS1,CVIS,NL,NONE,PANAY,.WESM,0,0,0.927669644355774,0,0,0
2020-10-05 00:55,2020-10-05 01:00,08PEDC_SS2,CVIS,NL,NONE,PANAY,.WESM,0,0,0.927669644355774,0,0,0
2020-10-05 00:55,2020-10-05 01:00,08PEDC_SS3,CVIS,NL,NONE,PANAY,.WESM,0,0,0.927716314792633,0,0,0
2020-10-05 00:55,2020-10-05 01:00,08PEDC_T1L1,CVIS,NL,NONE,PANAY,.WESM,-55.3634,0,0.927390277385712,0,0,0
2020-10-05 00:55,2020-10-05 01:00,08PEDC_T1L2,CVIS,NL,NONE,PANAY,.WESM,-25.4156,0,0.927566826343536,0,0,0
2020-10-05 00:55,2020-10-05 01:00,08PEDC_U01,CVIS,G,COAL,PANAY,PEDC CFTPP,43,0,0.927669644355774,0,0,0
2020-10-05 00:55,2020-10-05 01:00,08PEDC_U02,CVIS,G,COAL,PANAY,PEDC CFTPP,43,0,0.927669644355774,0,0,0
2020-10-05 00:55,2020-10-05 01:00,08PEDC_U03,CVIS,G,COAL,PANAY,PEDC CFTPP,120,0,0.927716314792633,0,0,0
2020-10-05 00:55,2020-10-05 01:00,08PPC1_A,CVIS,G,,,,0,0,0.927566826343536,0,0,0
2020-10-05 00:55,2020-10-05 01:00,08PPC1_B,CVIS,G,,,,0,0,0.927566826343536,0,0,0
2020-10-05 00:55,2020-10-05 01:00,08PPC_G02,CVIS,G,,,,0,0,0.927566826343536,0,0,0
2020-10-05 00:55,2020-10-05 01:00,08PWIND_G01,CVIS,G,WIND,PANAY,PETROWIND,3.4,0,0.861484706401825,0,0,0
2020-10-05 00:55,2020-10-05 01:00,08SLWIND_G01,CVIS,G,WIND,PANAY,SLWIND,0.3,0,0.909214079380035,0,0,0
2020-10-05 00:55,2020-10-05 01:00,08SNJOSE_L01,CVIS,NL,NONE,PANAY,.WESM,0,0,0.918822705745697,0,0,0
2020-10-05 00:55,2020-10-05 01:00,08SNJOSE_L02,CVIS,NL,NONE,PANAY,.WESM,0,0,0.918822705745697,0,0,0
2020-10-05 00:55,2020-10-05 01:00,08SNJOSE_L03,CVIS,NL,NONE,PANAY,.WESM,0,0,0.918822705745697,0,0,0
2020-10-05 00:55,2020-10-05 01:00,08STBAR_PB,CVIS,G,OIL-BASED,PANAY,PHINMA ENERGY,0,0,0.918723344802856,0,0,0
2020-10-05 00:55,2020-10-05 01:00,08STBAR_PB2,CVIS,G,OIL-BASED,PANAY,PHINMA ENERGY,0,0,0.918723344802856,0,0,0
2020-10-05 00:55,2020-10-05 01:00,08STBAR_SS1,CVIS,NL,NONE,PANAY,.WESM,0,0,0.918723344802856,0,0,0
2020-10-05 00:55,2020-10-05 01:00,08STBAR_SS2,CVIS,NL,NONE,PANAY,.WESM,0,0,0.918723344802856,0,0,0
2020-10-05 00:55,2020-10-05 01:00,08STBAR_SS3,CVIS,NL,NONE,PANAY,.WESM,0,0,0.918723344802856,0,0,0
2020-10-05 00:55,2020-10-05 01:00,08STBAR_T1L1,CVIS,NL,NONE,PANAY,.WESM,-0.8221,0,0.918723344802856,0,0,0
2020-10-05 00:55,2020-10-05 01:00,08STBAR_T2L2,CVIS,NL,NONE,PANAY,.WESM,-41.8984,0,0.918723344802856,0,0,0
2020-10-05 00:55,2020-10-05 01:00,08STBAR_T3L3,CVIS,NL,NONE,PANAY,.WESM,-8.689,0,0.909214079380035,0,0,0
2020-10-05 00:55,2020-10-05 01:00,08SUWECO_G01,CVIS,G,HYDRO,PANAY,SUWECO,4,0,0.918723344802856,0,0,0
2020-10-05 00:55,2020-10-05 01:00,09CLB_T1L1,CMIN,NL,NONE,NWESTMIN,.WESM,-34.7934,0,0.882937848567963,0,0,0
2020-10-05 00:55,2020-10-05 01:00,09FUT_T1L1,CMIN,NL,,,,0,0,0.887115776538849,0,0,0
2020-10-05 00:55,2020-10-05 01:00,09FUT_T1L2,CMIN,NL,,,,0,0,0.887115776538849,0,0,0
2020-10-05 00:55,2020-10-05 01:00,09KAP_T1L1,CMIN,NL,NONE,NWESTMIN,.WESM,-10.0819,0,0.882937848567963,0,0,0
2020-10-05 00:55,2020-10-05 01:00,09KEGJIM_G01,CMIN,G,,,,0,0,0.882937848567963,0,0,0
2020-10-05 00:55,2020-10-05 01:00,09KEGPN_G01,CMIN,G,OIL-BASED,NWESTMIN,KINGENE,0,0,0.882937848567963,0,0,0
2020-10-05 00:55,2020-10-05 01:00,09MHY_T1L1,CMIN,NL,,,,0,0,0.882937848567963,0,0,0
2020-10-05 00:55,2020-10-05 01:00,09MLS_T1L1,CMIN,NL,NONE,NWESTMIN,.WESM,-11.4446,0,0.802278339862823,0,0,0
2020-10-05 00:55,2020-10-05 01:00,09RXS_T1L1,CMIN,NL,NONE,NWESTMIN,.WESM,0,0,0.882937848567963,0,0,0
2020-10-05 00:55,2020-10-05 01:00,09RXS_T2L1,CMIN,NL,,,,0,0,0.887115776538849,0,0,0
2020-10-05 00:55,2020-10-05 01:00,09SJG_T1L1,CMIN,NL,NONE,NWESTMIN,.WESM,-15.5374,0,0.757252514362335,0,0,0
2020-10-05 00:55,2020-10-05 01:00,09SML_T1L1,CMIN,NL,NONE,NWESTMIN,.WESM,-25.6507,0,0.882937848567963,0,0,0
2020-10-05 00:55,2020-10-05 01:00,09SRW_T1L1,CMIN,NL,NONE,NWESTMIN,.WESM,-17.5317,0,0.802278339862823,0,0,0
2020-10-05 00:55,2020-10-05 01:00,09TMG_T1L1,CMIN,NL,NONE,NWESTMIN,.WESM,-24.4108,0,0.757252514362335,0,0,0
2020-10-05 00:55,2020-10-05 01:00,09TMG_T2L1,CMIN,NL,NONE,NWESTMIN,.WESM,-35.5248,0,0.762027204036713,0,0,0
2020-10-05 00:55,2020-10-05 01:00,09TOTPI_G01,CMIN,G,OIL-BASED,NWESTMIN,TOTPOWER,0,0,0.882937848567963,0,0,0
2020-10-05 00:55,2020-10-05 01:00,09TUL_T1L1,CMIN,NL,NONE,NWESTMIN,.WESM,-11.9746,0,0.757252514362335,0,0,0
2020-10-05 00:55,2020-10-05 01:00,09WMPC_S01,CMIN,NL,,,,0,0,0.763257026672363,0,0,0
2020-10-05 00:55,2020-10-05 01:00,09WMPC_U01,CMIN,G,OIL-BASED,NWESTMIN,WMPC,0,0,0.763257026672363,0,0,0
2020-10-05 00:55,2020-10-05 01:00,09WMPC_U02,CMIN,G,OIL-BASED,NWESTMIN,WMPC,0,0,0.763257026672363,0,0,0
2020-10-05 00:55,2020-10-05 01:00,09WMPC_U03,CMIN,G,OIL-BASED,NWESTMIN,WMPC,0,0,0.763257026672363,0,0,0
2020-10-05 00:55,2020-10-05 01:00,09WMPC_U04,CMIN,G,OIL-BASED,NWESTMIN,WMPC,0,0,0.763257026672363,0,0,0
2020-10-05 00:55,2020-10-05 01:00,09WMPC_U05,CMIN,G,OIL-BASED,NWESTMIN,WMPC,0,0,0.763257026672363,0,0,0
2020-10-05 00:55,2020-10-05 01:00,09WMPC_U06,CMIN,G,OIL-BASED,NWESTMIN,WMPC,0,0,0.763257026672363,0,0,0
2020-10-05 00:55,2020-10-05 01:00,09WMPC_U07,CMIN,G,OIL-BASED,NWESTMIN,WMPC,0,0,0.763257026672363,0,0,0
2020-10-05 00:55,2020-10-05 01:00,09WMPC_U08,CMIN,G,OIL-BASED,NWESTMIN,WMPC,0,0,0.763257026672363,0,0,0
2020-10-05 00:55,2020-10-05 01:00,09WMPC_U09,CMIN,G,OIL-BASED,NWESTMIN,WMPC,0,0,0.763257026672363,0,0,0
2020-10-05 00:55,2020-10-05 01:00,09WMPC_U10,CMIN,G,OIL-BASED,NWESTMIN,WMPC,0,0,0.763257026672363,0,0,0
2020-10-05 00:55,2020-10-05 01:00,09ZAMBO_SS,CMIN,NL,NONE,NWESTMIN,.WESM,0,0,0.763000905513763,0,0,0
2020-10-05 00:55,2020-10-05 01:00,09ZAMCEL_G01,CMIN,G,OIL-BASED,NWESTMIN,ZAMCELCO,0,0,0.762027204036713,0,0,0
2020-10-05 00:55,2020-10-05 01:00,10AG6_T1L1,CMIN,NL,NONE,LANAO,.WESM,0,0,0.987375438213348,0,0,0
2020-10-05 00:55,2020-10-05 01:00,10AG6_T2L1,CMIN,NL,NONE,LANAO,.WESM,-7.6167,0,0.98706841468811,0,0,0
2020-10-05 00:55,2020-10-05 01:00,10AGUS1_U01,CMIN,G,HYDRO,LANAO,PSALMGMIN,0,0,1,0,0,0
2020-10-05 00:55,2020-10-05 01:00,10AGUS1_U02,CMIN,G,HYDRO,LANAO,PSALMGMIN,0,0,0.986568808555603,0,0,0
2020-10-05 00:55,2020-10-05 01:00,10AGUS2_U01,CMIN,G,HYDRO,LANAO,PSALMGMIN,0,0,0.988021969795227,0,0,0
2020-10-05 00:55,2020-10-05 01:00,10AGUS2_U02,CMIN,G,HYDRO,LANAO,PSALMGMIN,0,0,0.988022446632385,0,0,0
2020-10-05 00:55,2020-10-05 01:00,10AGUS2_U03,CMIN,G,HYDRO,LANAO,PSALMGMIN,7,0,0.988024413585663,0,0,0
2020-10-05 00:55,2020-10-05 01:00,10AGUS4_U01,CMIN,G,HYDRO,LANAO,PSALMGMIN,32.7144214609745,0,0.987355470657349,0,0,0
2020-10-05 00:55,2020-10-05 01:00,10AGUS4_U02,CMIN,G,HYDRO,LANAO,PSALMGMIN,0,0,1,0,0,0
2020-10-05 00:55,2020-10-05 01:00,10AGUS4_U03,CMIN,G,HYDRO,LANAO,PSALMGMIN,0,0,1,0,0,0
2020-10-05 00:55,2020-10-05 01:00,10AGUS5_U01,CMIN,G,HYDRO,LANAO,PSALMGMIN,0,0,0.985932111740112,0,0,0
2020-10-05 00:55,2020-10-05 01:00,10AGUS5_U02,CMIN,G,HYDRO,LANAO,PSALMGMIN,15,0,0.985985398292542,0,0,0
2020-10-05 00:55,2020-10-05 01:00,10AGUS6_U01,CMIN,G,HYDRO,LANAO,PSALMGMIN,10.8153790183843,0,0.987375438213348,0,0,0
2020-10-05 00:55,2020-10-05 01:00,10AGUS6_U02,CMIN,G,HYDRO,LANAO,PSALMGMIN,10.8153790183843,0,0.987375438213348,0,0,0
2020-10-05 00:55,2020-10-05 01:00,10AGUS6_U03,CMIN,G,HYDRO,LANAO,PSALMGMIN,0,0,1,0,0,0
2020-10-05 00:55,2020-10-05 01:00,10AGUS6_U04,CMIN,G,HYDRO,LANAO,PSALMGMIN,10.8153790183843,0,0.987375438213348,0,0,0
2020-10-05 00:55,2020-10-05 01:00,10AGUS6_U05,CMIN,G,HYDRO,LANAO,PSALMGMIN,6.3619876578731,0,0.987404048442841,0,0,0
2020-10-05 00:55,2020-10-05 01:00,10AGUS7_U01,CMIN,G,HYDRO,LANAO,PSALMGMIN,14.6325716131081,0,0.98738157749176,0,0,0
2020-10-05 00:55,2020-10-05 01:00,10AGUS7_U02,CMIN,G,HYDRO,LANAO,PSALMGMIN,0,0,1,0,0,0
2020-10-05 00:55,2020-10-05 01:00,10BUR_T1L1,CMIN,NL,NONE,LANAO,.WESM,-0.1433,0,0.987375438213348,0,0,0
2020-10-05 00:55,2020-10-05 01:00,10BUR_T1L2,CMIN,NL,NONE,LANAO,.WESM,-9.455,0,0.987375438213348,0,0,0
2020-10-05 00:55,2020-10-05 01:00,10GNPK_U01,CMIN,G,,,,0,0,0.99074786901474,0,0,0
2020-10-05 00:55,2020-10-05 01:00,10GNPK_U02,CMIN,G,,,,54.36,0,0.990848362445831,0,0,0
2020-10-05 00:55,2020-10-05 01:00,10GNPK_U03,CMIN,G,,,,71.2433333333333,0,0.990879714488983,0,0,0
2020-10-05 00:55,2020-10-05 01:00,10GNPK_U04,CMIN,G,,,,0,0,0.99074786901474,0,0,0
2020-10-05 00:55,2020-10-05 01:00,10IDPP_G01,CMIN,G,,,,0,0,0.9827840924263,0,0,0
2020-10-05 00:55,2020-10-05 01:00,10KAU_T1L1,CMIN,NL,NONE,LANAO,.WESM,-4.5801,0,0.987375438213348,0,0,0
2020-10-05 00:55,2020-10-05 01:00,10KIW_T1L1,CMIN,NL,NONE,LANAO,.WESM,0,0,0.987375438213348,0,0,0
2020-10-05 00:55,2020-10-05 01:00,10KIW_T2L1,CMIN,NL,NONE,LANAO,.WESM,-14.1176,0,0.982752978801727,0,0,0
2020-10-05 00:55,2020-10-05 01:00,10MCN_T1L1,CMIN,NL,NONE,LANAO,.WESM,-2.2649,0,0.98706841468811,0,0,0
2020-10-05 00:55,2020-10-05 01:00,10MCR_T1L1,CMIN,NL,NONE,LANAO,.WESM,0,0,0.98706841468811,0,0,0
2020-10-05 00:55,2020-10-05 01:00,10MCT_T1L1,CMIN,NL,NONE,LANAO,.WESM,0,0,0.987375438213348,0,0,0
2020-10-05 00:55,2020-10-05 01:00,10MEGC_G01,CMIN,G,OIL-BASED,LANAO,MEGC,0,0,0.987375438213348,0,0,0
2020-10-05 00:55,2020-10-05 01:00,10MLN_T1L1,CMIN,NL,NONE,LANAO,.WESM,-1.7479,0,0.986363112926483,0,0,0
2020-10-05 00:55,2020-10-05 01:00,10MPL_T1L1,CMIN,NL,NONE,LANAO,.WESM,-7.2945,0,0.987375438213348,0,0,0
2020-10-05 00:55,2020-10-05 01:00,10MRW_T1L1,CMIN,NL,NONE,LANAO,.WESM,-25.3213,0,0.986363112926483,0,0,0
2020-10-05 00:55,2020-10-05 01:00,10MRW_T2L1,CMIN,NL,NONE,LANAO,.WESM,-0.4287,0,0.98706841468811,0,0,0
2020-10-05 00:55,2020-10-05 01:00,10NUN_T1L1,CMIN,NL,NONE,LANAO,.WESM,0,0,0.987375438213348,0,0,0
2020-10-05 00:55,2020-10-05 01:00,10NUN_T1L2,CMIN,NL,,,,0,0,0.987375438213348,0,0,0
2020-10-05 00:55,2020-10-05 01:00,10OPO_T1L1,CMIN,NL,NONE,LANAO,.WESM,0,0,0.982752978801727,0,0,0
2020-10-05 00:55,2020-10-05 01:00,10PAT_T1L1,CMIN,NL,NONE,LANAO,.WESM,0,0,0.982752978801727,0,0,0
2020-10-05 00:55,2020-10-05 01:00,10PGW_T1L1,CMIN,NL,NONE,LANAO,.WESM,-5.0733,0,0.982752978801727,0,0,0
2020-10-05 00:55,2020-10-05 01:00,10PLT_T1L1,CMIN,NL,NONE,LANAO,.WESM,-22.2677,0,0.9827840924263,0,0,0
2020-10-05 00:55,2020-10-05 01:00,10PLT_T2L1,CMIN,NL,NONE,LANAO,.WESM,-5.9548,0,0.982752978801727,0,0,0
2020-10-05 00:55,2020-10-05 01:00,10PPEI_U01,CMIN,G,,,,0,0,0.982752978801727,0,0,0
2020-10-05 00:55,2020-10-05 01:00,10SRZ_T1L1,CMIN,NL,,,,0,0,0.98711484670639,0,0,0
2020-10-05 00:55,2020-10-05 01:00,10SRZ_T1L2,CMIN,NL,,,,0,0,0.98711484670639,0,0,0
2020-10-05 00:55,2020-10-05 01:00,11BPC1_G01,CMIN,G,,,,0,0,0.999703645706177,0,0,0
2020-10-05 00:55,2020-10-05 01:00,11BPC2_G01,CMIN,G,OIL-BASED,NCENTMIN,BUKIDPOWER,0,0,0.999703645706177,0,0,0
2020-10-05 00:55,2020-10-05 01:00,11CDO_T1L1,CMIN,NL,NONE,NCENTMIN,.WESM,-8.2893,0,0.990274250507355,0,0,0
2020-10-05 00:55,2020-10-05 01:00,11CRYST_G01,CMIN,G,BIOMASS,NCENTMIN,CRYSTAL,0,0,0.999703645706177,0,0,0
2020-10-05 00:55,2020-10-05 01:00,11FDC_U01,CMIN,G,COAL,NCENTMIN,FDC,67.5,0,1.00144755840302,0,0,0
2020-10-05 00:55,2020-10-05 01:00,11FDC_U02,CMIN,G,COAL,NCENTMIN,FDC,67.5,0,1.00144755840302,0,0,0
2020-10-05 00:55,2020-10-05 01:00,11FDC_U03,CMIN,G,COAL,NCENTMIN,FDC,0,0,1,0,0,0
2020-10-05 00:55,2020-10-05 01:00,11FGBPC_G01,CMIN,G,HYDRO,NCENTMIN,FGBPC,1.6,0,0.996225237846375,0,0,0
2020-10-05 00:55,2020-10-05 01:00,11GRA_T1L1,CMIN,NL,NONE,NCENTMIN,.WESM,0,0,1,0,0,0
2020-10-05 00:55,2020-10-05 01:00,11KBSOL_G01,CMIN,G,SOLAR,NCENTMIN,AGECO,0,0,0.990687072277069,0,0,0
2020-10-05 00:55,2020-10-05 01:00,11KEGBUK_G01,CMIN,G,OIL-BASED,NCENTMIN,KINGENE,0,0,0.999703645706177,0,0,0
2020-10-05 00:55,2020-10-05 01:00,11KEGMAR_G01,CMIN,G,OIL-BASED,NCENTMIN,KINGENE,0,0,0.999703645706177,0,0,0
2020-10-05 00:55,2020-10-05 01:00,11KIB_T1L1,CMIN,NL,NONE,NCENTMIN,.WESM,-0.1893,0,0.999703645706177,0,0,0
2020-10-05 00:55,2020-10-05 01:00,11KIB_T1L2,CMIN,NL,,,,0,0,0.999703645706177,0,0,0
2020-10-05 00:55,2020-10-05 01:00,11KIRAS_G01,CMIN,G,SOLAR,NCENTMIN,KIRASOL,0,0,1.00020575523376,0,0,0
2020-10-05 00:55,2020-10-05 01:00,11KNG_T1L1,CMIN,NL,NONE,NCENTMIN,.WESM,-10.7934,0,0.996225237846375,0,0,0
2020-10-05 00:55,2020-10-05 01:00,11LBA_T1L1,CMIN,NL,NONE,NCENTMIN,.WESM,-0.0897,0,0.996228158473969,0,0,0
2020-10-05 00:55,2020-10-05 01:00,11LUN_T1L1,CMIN,NL,,,,0,0,1.00020575523376,0,0,0
2020-10-05 00:55,2020-10-05 01:00,11MAN1_S01,CMIN,NL,,,,0,0,1.00330674648285,0,0,0
2020-10-05 00:55,2020-10-05 01:00,11MAN2_S01,CMIN,NL,,,,0,0,1.00327789783478,0,0,0
2020-10-05 00:55,2020-10-05 01:00,11MANFOR_G01,CMIN,G,,,,32,0,1.00330674648285,0,0,0
2020-10-05 00:55,2020-10-05 01:00,11MANFOR_G02,CMIN,G,,,,10,0,1.00327789783478,0,0,0
2020-10-05 00:55,2020-10-05 01:00,11MFO_T1L1,CMIN,NL,NONE,NCENTMIN,.WESM,-13.4194,0,1.00020575523376,0,0,0
2020-10-05 00:55,2020-10-05 01:00,11MINBAL_G01,CMIN,G,COAL,NCENTMIN,MINERGYPC,113.07,0,1.00020575523376,0,0,0
2020-10-05 00:55,2020-10-05 01:00,11MINBU_G01,CMIN,G,HYDRO,NCENTMIN,BUBUNAWAN,3,0,1.00020575523376,0,0,0
2020-10-05 00:55,2020-10-05 01:00,11MLY_T1L1,CMIN,NL,NONE,NCENTMIN,.WESM,-30.6676,0,0.999703645706177,0,0,0
2020-10-05 00:55,2020-10-05 01:00,11MNCBLG_G01,CMIN,G,,,,5,0,0.996225237846375,0,0,0
2020-10-05 00:55,2020-10-05 01:00,11MNRGY_G01,CMIN,G,OIL-BASED,NCENTMIN,MEGSI,0,0,1.00020575523376,0,0,0
2020-10-05 00:55,2020-10-05 01:00,11MNRGY_G02,CMIN,G,OIL-BASED,NCENTMIN,MEGSI,0,0,1.00020575523376,0,0,0
2020-10-05 00:55,2020-10-05 01:00,11MOR_T1L1,CMIN,NL,,,,0,0,0.990274250507355,0,0,0
2020-10-05 00:55,2020-10-05 01:00,11NAT_T1L1,CMIN,NL,NONE,NCENTMIN,.WESM,-15.5197,0,1.00020575523376,0,0,0
2020-10-05 00:55,2020-10-05 01:00,11NAT_T2L1,CMIN,NL,NONE,NCENTMIN,.WESM,-0.5749,0,0.996225237846375,0,0,0
2020-10-05 00:55,2020-10-05 01:00,11NBPC_G01,CMIN,G,,,,0,0,0.999703645706177,0,0,0
2020-10-05 00:55,2020-10-05 01:00,11OPO_T1L1,CMIN,NL,NONE,NCENTMIN,.WESM,-4.3613,0,0.990274250507355,0,0,0
2020-10-05 00:55,2020-10-05 01:00,11PACERM_G01,CMIN,G,OIL-BASED,NCENTMIN,PACERM1,0,0,0.990274250507355,0,0,0
2020-10-05 00:55,2020-10-05 01:00,11PAL_T1L1,CMIN,NL,NONE,NCENTMIN,.WESM,-2.6882,0,0.990687072277069,0,0,0
2020-10-05 00:55,2020-10-05 01:00,11PG4_T1L1,CMIN,NL,,,,0,0,0.999703645706177,0,0,0
2020-10-05 00:55,2020-10-05 01:00,11PKBUK_G01,CMIN,G,,,,0,0,1.00020575523376,0,0,0
2020-10-05 00:55,2020-10-05 01:00,11PULA4_U01,CMIN,G,HYDRO,NCENTMIN,PSALMGMIN,22.9000000000475,0,0.99996680021286,0,0,0
2020-10-05 00:55,2020-10-05 01:00,11PULA4_U02,CMIN,G,HYDRO,NCENTMIN,PSALMGMIN,0,0,0.999907255172729,0,0,0
2020-10-05 00:55,2020-10-05 01:00,11PULA4_U03,CMIN,G,HYDRO,NCENTMIN,PSALMGMIN,36.8395217392066,0,1.00000309944153,0,0,0
2020-10-05 00:55,2020-10-05 01:00,11SME_T1L1,CMIN,NL,NONE,NCENTMIN,.WESM,-3.5127,0,1,0,0,0
2020-10-05 00:55,2020-10-05 01:00,11SMH_T1L1,CMIN,NL,NONE,NCENTMIN,.WESM,0,0,1,0,0,0
2020-10-05 00:55,2020-10-05 01:00,11STEAG_U01,CMIN,G,COAL,NCENTMIN,PSALMGMIN,54.9460869565473,0,1.0001072883606,0,0,0
2020-10-05 00:55,2020-10-05 01:00,11STEAG_U02,CMIN,G,COAL,NCENTMIN,PSALMGMIN,49.9130434783022,0,1.00009751319885,0,0,0
2020-10-05 00:55,2020-10-05 01:00,11SX1_T1L1,CMIN,NL,,,,0,0,1.00020575523376,0,0,0
2020-10-05 00:55,2020-10-05 01:00,11VILLA_L01,CMIN,NL,NONE,NCENTMIN,.WESM,0,0,1,0,0,0
2020-10-05 00:55,2020-10-05 01:00,12ALE_T1L1,CMIN,NL,NONE,NEASTMIN,.WESM,-22.1569,0,0.938288390636444,0,0,0
2020-10-05 00:55,2020-10-05 01:00,12ASIGA_G01,CMIN,G,,,,3.5,0,0.955632746219635,0,0,0
2020-10-05 00:55,2020-10-05 01:00,12BAG_T1L1,CMIN,NL,NONE,NEASTMIN,.WESM,-4.5307,0,0.939230978488922,0,0,0
2020-10-05 00:55,2020-10-05 01:00,12BUT_T2L1,CMIN,NL,NONE,NEASTMIN,.WESM,0,0,1,0,0,0
2020-10-05 00:55,2020-10-05 01:00,12BYG_T1L1,CMIN,NL,NONE,NEASTMIN,.WESM,-26.5813,0,0.955632746219635,0,0,0
2020-10-05 00:55,2020-10-05 01:00,12KEGGIN_G01,CMIN,G,,,,0,0,1,0,0,0
2020-10-05 00:55,2020-10-05 01:00,12KEGTAN_G01,CMIN,G,,,,0,0,0.938288390636444,0,0,0
2020-10-05 00:55,2020-10-05 01:00,12LMO_T1L1,CMIN,NL,NONE,NEASTMIN,.WESM,0,0,0.955632746219635,0,0,0
2020-10-05 00:55,2020-10-05 01:00,12MAD_T1L1,CMIN,NL,NONE,NEASTMIN,.WESM,-17.3787,0,0.927582979202271,0,0,0
2020-10-05 00:55,2020-10-05 01:00,12NACSUR_G01,CMIN,G,OIL-BASED,NEASTMIN,NACSUR,0,0,0.927582979202271,0,0,0
2020-10-05 00:55,2020-10-05 01:00,12NAS_T1L1,CMIN,NL,,,,0,0,0.955632746219635,0,0,0
2020-10-05 00:55,2020-10-05 01:00,12PBA_T1L1,CMIN,NL,NONE,NEASTMIN,.WESM,-11.5119,0,0.939230978488922,0,0,0
2020-10-05 00:55,2020-10-05 01:00,12PKSFRA_G01,CMIN,G,,,,0,0,0.938288390636444,0,0,0
2020-10-05 00:55,2020-10-05 01:00,12SLU_T1L1,CMIN,NL,NONE,NEASTMIN,.WESM,0,0,1,0,0,0
2020-10-05 00:55,2020-10-05 01:00,12SNT_T1L1,CMIN,NL,NONE,NEASTMIN,.WESM,0,0,0.955632746219635,0,0,0
2020-10-05 00:55,2020-10-05 01:00,12SUR_T1L1,CMIN,NL,NONE,NEASTMIN,.WESM,0,0,0.927582979202271,0,0,0
2020-10-05 00:55,2020-10-05 01:00,12TBD_T1L1,CMIN,NL,NONE,NEASTMIN,.WESM,-22.9036,0,0.927582979202271,0,0,0
2020-10-05 00:55,2020-10-05 01:00,12TBO_T1L1,CMIN,NL,NONE,NEASTMIN,.WESM,-3.8446,0,0.939230978488922,0,0,0
2020-10-05 00:55,2020-10-05 01:00,12TDG_T1L1,CMIN,NL,NONE,NEASTMIN,.WESM,-11.0217,0,0.938288390636444,0,0,0
2020-10-05 00:55,2020-10-05 01:00,12TM2_U01,CMIN,G,OIL-BASED,NEASTMIN,TMI,0,0,0.963250517845154,0,0,0
2020-10-05 00:55,2020-10-05 01:00,12TM2_U02,CMIN,G,OIL-BASED,NEASTMIN,TMI,0,0,0.963250517845154,0,0,0
2020-10-05 00:55,2020-10-05 01:00,12TRE_T1L1,CMIN,NL,NONE,NEASTMIN,.WESM,0,0,0.939230978488922,0,0,0
2020-10-05 00:55,2020-10-05 01:00,13ASU_T1L1,CMIN,NL,NONE,SEASTMIN,.WESM,0,0,0.957818031311035,0,0,0
2020-10-05 00:55,2020-10-05 01:00,13BAJ_T1L1,CMIN,NL,NONE,SEASTMIN,.WESM,-88.7363,0,0.977688372135162,0,0,0
2020-10-05 00:55,2020-10-05 01:00,13BNS_T1L1,CMIN,NL,NONE,SEASTMIN,.WESM,-7.0366,0,0.976636350154877,0,0,0
2020-10-05 00:55,2020-10-05 01:00,13BNY_T1L1,CMIN,NL,NONE,SEASTMIN,.WESM,-29.2939,0,0.954364120960236,0,0,0
2020-10-05 00:55,2020-10-05 01:00,13COM_T1L1,CMIN,NL,NONE,SEASTMIN,.WESM,0,0,0.957818031311035,0,0,0
2020-10-05 00:55,2020-10-05 01:00,13DAV_T1L1,CMIN,NL,,,,0,0,0.991138756275177,0,0,0
2020-10-05 00:55,2020-10-05 01:00,13DCPP_U01,CMIN,G,COAL,SEASTMIN,TSI,123,0,0.991323113441467,0,0,0
2020-10-05 00:55,2020-10-05 01:00,13DCPP_U02,CMIN,G,COAL,SEASTMIN,TSI,102.38,0,0.991291999816895,0,0,0
2020-10-05 00:55,2020-10-05 01:00,13DIGSOL_G01,CMIN,G,,,,0,0,0.976636350154877,0,0,0
2020-10-05 00:55,2020-10-05 01:00,13DIG_T1L1,CMIN,NL,NONE,SEASTMIN,.WESM,-11.3137,0,0.97742635011673,0,0,0
2020-10-05 00:55,2020-10-05 01:00,13DIG_T2L1,CMIN,NL,NONE,SEASTMIN,.WESM,-16.6772,0,0.976636350154877,0,0,0
2020-10-05 00:55,2020-10-05 01:00,13DIG_T3L1,CMIN,NL,,,,0,0,0.991138756275177,0,0,0
2020-10-05 00:55,2020-10-05 01:00,13DLP_T1L1,CMIN,NL,NONE,SEASTMIN,.WESM,-70.7369,0,0.97742635011673,0,0,0
2020-10-05 00:55,2020-10-05 01:00,13DLP_T1L2,CMIN,NL,NONE,SEASTMIN,.WESM,-31.457,0,0.97742635011673,0,0,0
2020-10-05 00:55,2020-10-05 01:00,13DLP_T1L3,CMIN,NL,NONE,SEASTMIN,.WESM,-35.7143,0,0.97742635011673,0,0,0
2020-10-05 00:55,2020-10-05 01:00,13DLP_T2L1,CMIN,NL,NONE,SEASTMIN,.WESM,-48.2334,0,0.980624139308929,0,0,0
2020-10-05 00:55,2020-10-05 01:00,13DRA_T1L1,CMIN,NL,NONE,SEASTMIN,.WESM,-87.7661,0,0.980867207050323,0,0,0
2020-10-05 00:55,2020-10-05 01:00,13DSP_T1L1,CMIN,NL,NONE,SEASTMIN,.WESM,-0.0664,0,0.976636350154877,0,0,0
2020-10-05 00:55,2020-10-05 01:00,13DSR_T1L1,CMIN,NL,NONE,SEASTMIN,.WESM,-7.8405,0,1.00655519962311,0,0,0
2020-10-05 00:55,2020-10-05 01:00,13EEI_G01,CMIN,G,OIL-BASED,SEASTMIN,EEIPC,0,0,0.954364120960236,0,0,0
2020-10-05 00:55,2020-10-05 01:00,13EUROH_G01,CMIN,G,,,,1.6,0,0.957818031311035,0,0,0
2020-10-05 00:55,2020-10-05 01:00,13MON_T1L1,CMIN,NL,NONE,SEASTMIN,.WESM,0,0,0.957818031311035,0,0,0
2020-10-05 00:55,2020-10-05 01:00,13MPCDIG_G01,CMIN,G,OIL-BASED,SEASTMIN,MPIDIGOS,0,0,0.976636350154877,0,0,0
2020-10-05 00:55,2020-10-05 01:00,13MSR_T1L1,CMIN,NL,NONE,SEASTMIN,.WESM,-10.6596,0,0.957818031311035,0,0,0
2020-10-05 00:55,2020-10-05 01:00,13PMA_T1L1,CMIN,NL,NONE,SEASTMIN,.WESM,-5.7054,0,0.976636350154877,0,0,0
2020-10-05 00:55,2020-10-05 01:00,13SIBULAN_G01,CMIN,G,,,,28,0,0.977688372135162,0,0,0
2020-10-05 00:55,2020-10-05 01:00,13SMCPC_U01,CMIN,G,COAL,SEASTMIN,SMC,95.34,0,1.00693392753601,0,0,0
2020-10-05 00:55,2020-10-05 01:00,13SMCPC_U02,CMIN,G,COAL,SEASTMIN,SMC,107.56,0,1.00697231292725,0,0,0
2020-10-05 00:55,2020-10-05 01:00,13TALOMO_A,CMIN,G,HYDRO,SEASTMIN,MHEDCOR,2.5,0,0.97742635011673,0,0,0
2020-10-05 00:55,2020-10-05 01:00,13TALOMO_B,CMIN,G,HYDRO,SEASTMIN,MHEDCOR,0,0,0.977688372135162,0,0,0
2020-10-05 00:55,2020-10-05 01:00,13TGM_T1L1,CMIN,NL,NONE,SEASTMIN,.WESM,-34.318,0,0.954364120960236,0,0,0
2020-10-05 00:55,2020-10-05 01:00,13TM1_U01,CMIN,G,OIL-BASED,SEASTMIN,TMI,0,0,0.954348802566528,0,0,0
2020-10-05 00:55,2020-10-05 01:00,13TM1_U02,CMIN,G,OIL-BASED,SEASTMIN,TMI,0,0,0.954348802566528,0,0,0
2020-10-05 00:55,2020-10-05 01:00,13TUDAY2_G01,CMIN,G,,,,5,0,0.97742635011673,0,0,0
2020-10-05 00:55,2020-10-05 01:00,14ASTROSOL_G01,CMIN,G,,,,0,0,0.946926832199097,0,0,0
2020-10-05 00:55,2020-10-05 01:00,14BGN_T1L1,CMIN,NL,NONE,SWESTMIN,.WESM,-32.0709,0,0.987548530101776,0,0,0
2020-10-05 00:55,2020-10-05 01:00,14BGN_T2L1,CMIN,NL,NONE,SWESTMIN,.WESM,-15.588,0,0.937936842441559,0,0,0
2020-10-05 00:55,2020-10-05 01:00,14BIOGS_G01,CMIN,G,BIOMASS,SWESTMIN,GREENEARTH,0,0,0.937936842441559,0,0,0
2020-10-05 00:55,2020-10-05 01:00,14BIOMS_U01,CMIN,G,,,,0.9,0,0.937936842441559,0,0,0
2020-10-05 00:55,2020-10-05 01:00,14DOLE_G01,CMIN,G,BIOMASS,SWESTMIN,NONE,0,0,0.946926832199097,0,0,0
2020-10-05 00:55,2020-10-05 01:00,14DSA_T1L1,CMIN,NL,NONE,SWESTMIN,.WESM,-32.7264,0,0.915327250957489,0,0,0
2020-10-05 00:55,2020-10-05 01:00,14DSA_T2L1,CMIN,NL,NONE,SWESTMIN,.WESM,-18.6017,0,0.937936842441559,0,0,0
2020-10-05 00:55,2020-10-05 01:00,14GERBIO_G01,CMIN,G,,,,0,0,0.937936842441559,0,0,0
2020-10-05 00:55,2020-10-05 01:00,14GLA_T1L1,CMIN,NL,NONE,SWESTMIN,.WESM,-15.4671,0,0.946926832199097,0,0,0
2020-10-05 00:55,2020-10-05 01:00,14KLN_T1L1,CMIN,NL,NONE,SWESTMIN,.WESM,0,0,0.937936842441559,0,0,0
2020-10-05 00:55,2020-10-05 01:00,14KMB_T1L1,CMIN,NL,NONE,SWESTMIN,.WESM,0,0,0.946926832199097,0,0,0
2020-10-05 00:55,2020-10-05 01:00,14LAMSAN_G01,CMIN,G,BIOMASS,SWESTMIN,LAMSAN,7,0,0.915327250957489,0,0,0
2020-10-05 00:55,2020-10-05 01:00,14LLE_T1L1,CMIN,NL,NONE,SWESTMIN,.WESM,-23.2957,0,0.946926832199097,0,0,0
2020-10-05 00:55,2020-10-05 01:00,14MID_T1L1,CMIN,NL,NONE,SWESTMIN,.WESM,-18.6833,0,0.915327250957489,0,0,0
2020-10-05 00:55,2020-10-05 01:00,14MTAPO_U01,CMIN,G,GEOTHERMAL,SWESTMIN,PSALMGMIN,34.08,0,0.988597631454468,0,0,0
2020-10-05 00:55,2020-10-05 01:00,14MTAPO_U02,CMIN,G,GEOTHERMAL,SWESTMIN,PSALMGMIN,42.48,0,0.988658428192139,0,0,0
2020-10-05 00:55,2020-10-05 01:00,14NVSOL_G01,CMIN,G,SOLAR,SWESTMIN,NVVOGTSOL,0,0,0.937936842441559,0,0,0
2020-10-05 00:55,2020-10-05 01:00,14PKPSOC_G01,CMIN,G,OIL-BASED,SWESTMIN,PSI,0,0,0.946926832199097,0,0,0
2020-10-05 00:55,2020-10-05 01:00,14PTU_T1L1,CMIN,NL,NONE,SWESTMIN,.WESM,-16.7023,0,0.946926832199097,0,0,0
2020-10-05 00:55,2020-10-05 01:00,14SARANG_U01,CMIN,G,,,,0,0,0.946926832199097,0,0,0
2020-10-05 00:55,2020-10-05 01:00,14SARANG_U02,CMIN,G,,,,67.3,0,0.965253829956055,0,0,0
2020-10-05 00:55,2020-10-05 01:00,14SKU_T1L1,CMIN,NL,,,,0,0,0.915327250957489,0,0,0
2020-10-05 00:55,2020-10-05 01:00,14SMY_T1L1,CMIN,NL,NONE,SWESTMIN,.WESM,-5.9717,0,0.915327250957489,0,0,0
2020-10-05 00:55,2020-10-05 01:00,14SOENE_G01,CMIN,G,OIL-BASED,SWESTMIN,SOENERGY,0,0,0.946926832199097,0,0,0
2020-10-05 00:55,2020-10-05 01:00,14SPGI_U01,CMIN,G,,,,0,0,0.937936842441559,0,0,0
2020-10-05 00:55,2020-10-05 01:00,14SPPC_T1L1,CMIN,NL,,,,0,0,0.948269724845886,0,0,0
2020-10-05 00:55,2020-10-05 01:00,14SPPC_T2L1,CMIN,NL,,,,0,0,0.948269724845886,0,0,0
2020-10-05 00:55,2020-10-05 01:00,14SPPC_U01,CMIN,G,OIL-BASED,SWESTMIN,SPPC,0,0,0.948269724845886,0,0,0
2020-10-05 00:55,2020-10-05 01:00,14SPPC_U02,CMIN,G,OIL-BASED,SWESTMIN,SPPC,0,0,0.948269724845886,0,0,0
2020-10-05 00:55,2020-10-05 01:00,14SPPC_U03,CMIN,G,OIL-BASED,SWESTMIN,SPPC,0,0,0.948269724845886,0,0,0
2020-10-05 00:55,2020-10-05 01:00,14SPPC_U04,CMIN,G,OIL-BASED,SWESTMIN,SPPC,0,0,0.948269724845886,0,0,0
2020-10-05 00:55,2020-10-05 01:00,14SPPC_U05,CMIN,G,OIL-BASED,SWESTMIN,SPPC,0,0,0.948269724845886,0,0,0
2020-10-05 00:55,2020-10-05 01:00,14SPPC_U06,CMIN,G,OIL-BASED,SWESTMIN,SPPC,0,0,0.948269724845886,0,0,0
2020-10-05 00:55,2020-10-05 01:00,14SRL_T1L1,CMIN,NL,NONE,SWESTMIN,.WESM,-36.206,0,0.937936842441559,0,0,0
2020-10-05 00:55,2020-10-05 01:00,14SUPKOR_G01,CMIN,G,OIL-BASED,SWESTMIN,SUPREMEPOWER,0,0,0.937936842441559,0,0,0
2020-10-05 00:55,2020-10-05 01:00,14SX3_T1L1,CMIN,NL,,,,0,0,0.937936842441559,0,0,0
2020-10-05 00:55,2020-10-05 01:00,14TIN_T1L1,CMIN,NL,NONE,SWESTMIN,.WESM,-56.1722,0,0.946926832199097,0,0,0
2020-10-05 00:55,2020-10-05 01:00,14TIN_T1L2,CMIN,NL,NONE,SWESTMIN,.WESM,-24.6595,0,0.946926832199097,0,0,0
EOF